group,cells,flow_pas_tmp_ha,flow_nat_pas_ha,old_censored_pct,old_new_pct,old_unresolved_pct,old_unattributed_pct,new_initial_pct,new_new_pct,new_unresolved_pct,initial_minus_old_censored_pp,old_censored_to_new_ha
full_domain,24889,1450003.979396596,16427491.784642903,99.99999999999999,0.0,0.0,0.0,99.99999999999999,0.0,0.0,0.0,0.0
b00,3168,180897.5727598043,2088156.651558713,100.0,0.0,0.0,0.0,100.0,0.0,0.0,0.0,0.0
b01,3128,168763.10332921677,1993116.709709993,100.0,0.0,0.0,0.0,100.0,0.0,0.0,0.0,0.0
b02,3061,179170.39794363233,1958626.7094176675,100.00000000000001,0.0,0.0,0.0,100.00000000000001,0.0,0.0,0.0,0.0
b03,3118,179680.7644324399,2053761.0673089733,100.00000000000001,0.0,0.0,0.0,100.00000000000001,0.0,0.0,0.0,0.0
b04,3104,179883.16185527592,2071386.9592198574,100.0,0.0,0.0,0.0,100.0,0.0,0.0,0.0,0.0
b05,3105,175597.59154144098,2040525.9144392193,100.0,0.0,0.0,0.0,100.0,0.0,0.0,0.0,0.0
b06,3088,189980.5640782328,2121863.276057221,100.0,0.0,0.0,0.0,100.0,0.0,0.0,0.0,0.0
b07,3117,196030.8234565533,2100054.4969312563,100.0,0.0,0.0,0.0,100.0,0.0,0.0,0.0,0.0
