boundary_scope,primary_biome,metric,t0,t1,diagnostic_interval,supported_cells,excluded_biome_cells,components,islands,undirected_edges,s0,mean_neighbor_count,moran_i,expected_i,seed,permutations,status,p_two_sided,permutation_mean,permutation_sd,permutation_q025,permutation_q975,family,q_by,significant_by_005,combined_domain_moran_i,biome_minus_combined_moran_i
primary_assignment,Amazon,consolidation_ha,1985,1990,0,14213,0,264,163,35971,14050,5.0617040737353127,0.3247332882218098,-7.0363073459048689e-05,2001652119,9999,tested,0.0001,-4.2739333046348927e-05,0.0055046329026117984,-0.0039598113009705338,0.013362654327244603,primary_assignment__Amazon__primary,0.00041467814190168612,True,0.79922651011582524,-0.47449322189401544
primary_assignment,Amazon,consolidation_ha,1990,1995,0,14213,0,264,163,35971,14050,5.0617040737353127,0.36811425969078498,-7.0363073459048689e-05,555377523,9999,tested,0.0001,-0.00011268809784123055,0.005135989271851501,-0.0038963119289824322,0.010212066862884891,primary_assignment__Amazon__primary,0.00041467814190168612,True,0.7283859751837799,-0.36027171549299492
primary_assignment,Amazon,consolidation_ha,1995,2000,0,14213,0,264,163,35971,14050,5.0617040737353127,0.57833974727100512,-7.0363073459048689e-05,2553814150,9999,tested,0.0001,-0.00015284876636053596,0.0055419214043128271,-0.007936975426115149,0.013436261568332802,primary_assignment__Amazon__primary,0.00041467814190168612,True,0.65535481860225997,-0.077015071331254847
primary_assignment,Amazon,consolidation_ha,2000,2005,0,14213,0,264,163,35971,14050,5.0617040737353127,0.51051698650054622,-7.0363073459048689e-05,3030439507,9999,tested,0.0001,-6.4085898401496243e-05,0.0056208054494748388,-0.0090109723734610372,0.012871054407080557,primary_assignment__Amazon__primary,0.00041467814190168612,True,0.63850882586082902,-0.1279918393602828
primary_assignment,Amazon,consolidation_ha,2005,2010,0,14213,0,264,163,35971,14050,5.0617040737353127,0.58712547054553577,-7.0363073459048689e-05,3911237429,9999,tested,0.0001,-8.9652995939156017e-05,0.0055486948995813823,-0.0096109184364616372,0.011889154378665862,primary_assignment__Amazon__primary,0.00041467814190168612,True,0.61026573968071085,-0.023140269135175084
primary_assignment,Amazon,consolidation_ha,2010,2015,0,14213,0,264,163,35971,14050,5.0617040737353127,0.64234863081792481,-7.0363073459048689e-05,1885218688,9999,tested,0.0001,3.8877997195558489e-05,0.0056271110902436135,-0.010205196486914528,0.011759096740256337,primary_assignment__Amazon__primary,0.00041467814190168612,True,0.61811129094780481,0.02423733987012
primary_assignment,Amazon,consolidation_ha,2015,2020,0,14213,0,264,163,35971,14050,5.0617040737353127,0.55890135961729803,-7.0363073459048689e-05,1296958422,9999,tested,0.0001,-5.452737026330728e-05,0.0055685728250897785,-0.0099848281132621022,0.011606596991682105,primary_assignment__Amazon__primary,0.00041467814190168612,True,0.55919813037645894,-0.00029677075916090256
primary_assignment,Amazon,consolidation_ha,2020,2025,1,14213,0,264,163,35971,14050,5.0617040737353127,0.577420500482004,-7.0363073459048689e-05,2134232922,9999,tested,0.0001,-7.0849132283643077e-05,0.0055542508498639728,-0.010326093137186493,0.011719258743065114,primary_assignment__Amazon__diagnostic,0.00022833333333333334,True,0.55243997993413307,0.024980520547870921
primary_assignment,Amazon,replenishment_ha,1985,1990,0,14213,0,264,163,35971,14050,5.0617040737353127,0.75548141509710531,-7.0363073459048689e-05,1294942447,9999,tested,0.0001,-6.0330445356544754e-05,0.0056883026471074355,-0.01099730709115475,0.011431624723094358,primary_assignment__Amazon__primary,0.00041467814190168612,True,0.76997353894534548,-0.014492123848240168
primary_assignment,Amazon,replenishment_ha,1990,1995,0,14213,0,264,163,35971,14050,5.0617040737353127,0.76467868967406771,-7.0363073459048689e-05,874345494,9999,tested,0.0001,-0.00010112012306436379,0.0055546402345650614,-0.01090303348554764,0.010768651310250331,primary_assignment__Amazon__primary,0.00041467814190168612,True,0.73398923837299535,0.030689451301072368
primary_assignment,Amazon,replenishment_ha,1995,2000,0,14213,0,264,163,35971,14050,5.0617040737353127,0.72691364370772782,-7.0363073459048689e-05,1507893700,9999,tested,0.0001,-7.8422764859026187e-05,0.0055848776731828847,-0.01088286905434427,0.010897724372651491,primary_assignment__Amazon__primary,0.00041467814190168612,True,0.69995539590919065,0.026958247798537172
primary_assignment,Amazon,replenishment_ha,2000,2005,0,14213,0,264,163,35971,14050,5.0617040737353127,0.70243321876300269,-7.0363073459048689e-05,4169138880,9999,tested,0.0001,-6.8884854182778329e-05,0.0056618781547193514,-0.010969301930523421,0.011274510327109499,primary_assignment__Amazon__primary,0.00041467814190168612,True,0.68886855048481987,0.013564668278182812
primary_assignment,Amazon,replenishment_ha,2005,2010,0,14213,0,264,163,35971,14050,5.0617040737353127,0.6973808666165856,-7.0363073459048689e-05,3506127638,9999,tested,0.0001,-9.7537502181207288e-05,0.0055933252824117811,-0.010673118075117225,0.011220172311492501,primary_assignment__Amazon__primary,0.00041467814190168612,True,0.68112164434641165,0.016259222270173956
primary_assignment,Amazon,replenishment_ha,2010,2015,0,14213,0,264,163,35971,14050,5.0617040737353127,0.64476265817247258,-7.0363073459048689e-05,3489432153,9999,tested,0.0001,-0.00013967586400984516,0.005625574512464533,-0.011031457148290721,0.011292288020035353,primary_assignment__Amazon__primary,0.00041467814190168612,True,0.65928574016651964,-0.01452308199404706
primary_assignment,Amazon,replenishment_ha,2015,2020,0,14213,0,264,163,35971,14050,5.0617040737353127,0.6093022519682737,-7.0363073459048689e-05,162048688,9999,tested,0.0001,-7.7136146410920281e-05,0.0055947294472421518,-0.010619239695670867,0.01120490209618517,primary_assignment__Amazon__primary,0.00041467814190168612,True,0.61373079176485701,-0.0044285397965833084
primary_assignment,Amazon,replenishment_ha,2020,2025,1,14213,0,264,163,35971,14050,5.0617040737353127,0.57280310606175444,-7.0363073459048689e-05,2938568697,9999,tested,0.0001,-8.4010813626911562e-05,0.0055465166772265062,-0.010645934856068764,0.01144670818541728,primary_assignment__Amazon__diagnostic,0.00022833333333333334,True,0.58887918104450543,-0.016076074982750987
primary_assignment,Amazon,nat_tmp_endpoint_ha,1985,1990,0,14213,0,264,163,35971,14050,5.0617040737353127,0.43743786322479949,-7.0363073459048689e-05,653384301,9999,tested,0.0001,1.9773605935449076e-05,0.0055843758888587175,-0.0034887694455988431,0.013299958930811212,primary_assignment__Amazon__primary,0.00041467814190168612,True,0.55000710243244233,-0.11256923920764283
primary_assignment,Amazon,nat_tmp_endpoint_ha,1990,1995,0,14213,0,264,163,35971,14050,5.0617040737353127,0.55553551958964931,-7.0363073459048689e-05,354518507,9999,tested,0.0001,-7.2671282517464551e-05,0.0053590011156720756,-0.0054592394740892803,0.014098002196058076,primary_assignment__Amazon__primary,0.00041467814190168612,True,0.59185012235722001,-0.036314602767570703
primary_assignment,Amazon,nat_tmp_endpoint_ha,1995,2000,0,14213,0,264,163,35971,14050,5.0617040737353127,0.63775988890867696,-7.0363073459048689e-05,660931680,9999,tested,0.0001,-7.3531230874372881e-05,0.0054650903812025042,-0.0064945138967974379,0.013947738409929461,primary_assignment__Amazon__primary,0.00041467814190168612,True,0.54557898947017591,0.092180899438501052
primary_assignment,Amazon,nat_tmp_endpoint_ha,2000,2005,0,14213,0,264,163,35971,14050,5.0617040737353127,0.67774533021242533,-7.0363073459048689e-05,1334607075,9999,tested,0.0001,-7.0967354674000727e-05,0.0055840762275015648,-0.0092100973709914012,0.012401235100026664,primary_assignment__Amazon__primary,0.00041467814190168612,True,0.57681959445171516,0.10092573576071018
primary_assignment,Amazon,nat_tmp_endpoint_ha,2005,2010,0,14213,0,264,163,35971,14050,5.0617040737353127,0.37626602744079002,-7.0363073459048689e-05,4119859551,9999,tested,0.0001,-6.9825142665622117e-05,0.0054580661123275918,-0.0075795830164150542,0.012828743712893878,primary_assignment__Amazon__primary,0.00041467814190168612,True,0.40511308122493872,-0.028847053784148702
primary_assignment,Amazon,nat_tmp_endpoint_ha,2010,2015,0,14213,0,264,163,35971,14050,5.0617040737353127,0.36471522585412808,-7.0363073459048689e-05,1309376661,9999,tested,0.0001,-0.00010385233523272683,0.0055110695705570612,-0.0085435239630175259,0.012694656503640182,primary_assignment__Amazon__primary,0.00041467814190168612,True,0.47071233366077031,-0.10599710780664223
primary_assignment,Amazon,nat_tmp_endpoint_ha,2015,2020,0,14213,0,264,163,35971,14050,5.0617040737353127,0.40927814902486503,-7.0363073459048689e-05,2609933452,9999,tested,0.0001,-9.0861331700593922e-05,0.0054852783609359726,-0.0087171895214995035,0.012678178521414354,primary_assignment__Amazon__primary,0.00041467814190168612,True,0.36101031004560141,0.048267838979263622
primary_assignment,Amazon,nat_tmp_endpoint_ha,2020,2025,1,14213,0,264,163,35971,14050,5.0617040737353127,0.50441882727104959,-7.0363073459048689e-05,3565989713,9999,tested,0.0001,-3.3025060076457917e-05,0.0056037555122395791,-0.0085508292710204693,0.012988343468549308,primary_assignment__Amazon__diagnostic,0.00022833333333333334,True,0.42168586368133198,0.082732963589717601
primary_assignment,Amazon,net_cr_balance_ha,1985,1990,0,14213,0,264,163,35971,14050,5.0617040737353127,0.75503367283261458,-7.0363073459048689e-05,2507955833,9999,tested,0.0001,-8.2734563365465929e-05,0.0055861108440901919,-0.010686943205877746,0.01084525876196165,primary_assignment__Amazon__primary,0.00041467814190168612,True,0.76026158674484057,-0.0052279139122259899
primary_assignment,Amazon,net_cr_balance_ha,1990,1995,0,14213,0,264,163,35971,14050,5.0617040737353127,0.76240552953699303,-7.0363073459048689e-05,3472549156,9999,tested,0.0001,-8.7350855430925797e-05,0.0055886852679914809,-0.010849258080745949,0.011111371263954643,primary_assignment__Amazon__primary,0.00041467814190168612,True,0.73110887755743281,0.031296651979560219
primary_assignment,Amazon,net_cr_balance_ha,1995,2000,0,14213,0,264,163,35971,14050,5.0617040737353127,0.72517563647814653,-7.0363073459048689e-05,83160168,9999,tested,0.0001,-7.3213590383592158e-05,0.0056080438796786555,-0.01094753776437679,0.011067732154814134,primary_assignment__Amazon__primary,0.00041467814190168612,True,0.69855598507059335,0.02661965140755318
primary_assignment,Amazon,net_cr_balance_ha,2000,2005,0,14213,0,264,163,35971,14050,5.0617040737353127,0.68636571867711071,-7.0363073459048689e-05,978486555,9999,tested,0.0001,-7.216000904148856e-05,0.0055948092631447318,-0.010930814706364908,0.011166887427196426,primary_assignment__Amazon__primary,0.00041467814190168612,True,0.68779287794243538,-0.0014271592653246623
primary_assignment,Amazon,net_cr_balance_ha,2005,2010,0,14213,0,264,163,35971,14050,5.0617040737353127,0.68794546704947557,-7.0363073459048689e-05,255726857,9999,tested,0.0001,-9.0027942618390851e-05,0.005544023349585348,-0.010852653096962218,0.011030161431713705,primary_assignment__Amazon__primary,0.00041467814190168612,True,0.68230887868570567,0.005636588363769901
primary_assignment,Amazon,net_cr_balance_ha,2010,2015,0,14213,0,264,163,35971,14050,5.0617040737353127,0.64590661690333151,-7.0363073459048689e-05,3733372101,9999,tested,0.0001,-0.00014135454527187011,0.005574413925210981,-0.010904418689995386,0.010817909330938225,primary_assignment__Amazon__primary,0.00041467814190168612,True,0.64827359221623304,-0.0023669753129015314
primary_assignment,Amazon,net_cr_balance_ha,2015,2020,0,14213,0,264,163,35971,14050,5.0617040737353127,0.5930392396270926,-7.0363073459048689e-05,417838586,9999,tested,0.0001,1.4941787805455135e-05,0.0055834816890475147,-0.011001633719840096,0.011001791346657821,primary_assignment__Amazon__primary,0.00041467814190168612,True,0.59737541863297616,-0.004336179005883567
primary_assignment,Amazon,net_cr_balance_ha,2020,2025,1,14213,0,264,163,35971,14050,5.0617040737353127,0.57400695323907436,-7.0363073459048689e-05,2336487403,9999,tested,0.0001,-8.1921070570112735e-06,0.0056626805354606184,-0.010755847004316182,0.011254966285006917,primary_assignment__Amazon__diagnostic,0.00022833333333333334,True,0.58197882989897032,-0.0079718766598959601
primary_assignment,Amazon,cr_balance_index,1985,1990,0,7774,6439,250,151,18411,7623,4.736557756624646,0.32914436602826019,-0.00012865045670912132,3364358118,9999,tested,0.0001,-0.00024458904037721765,0.007777593275211582,-0.011122447512758869,0.01864082243184215,primary_assignment__Amazon__primary,0.00041467814190168612,True,0.75485654559563475,-0.42571217956737456
primary_assignment,Amazon,cr_balance_index,1990,1995,0,8658,5555,244,154,20865,8504,4.8198198198198199,0.41493478544645235,-0.00011551345731777752,1019310154,9999,tested,0.0001,-7.7478717967631791e-05,0.007413323370744053,-0.012021957904367447,0.016272542835976338,primary_assignment__Amazon__primary,0.00041467814190168612,True,0.78229498796587238,-0.36736020251942003
primary_assignment,Amazon,cr_balance_index,1995,2000,0,9272,4941,254,159,22629,9113,4.8811475409836067,0.54321288999175776,-0.00010786322942508899,2294382555,9999,tested,0.0001,-0.00016258977792719595,0.0071228541202519521,-0.012685975990937725,0.015079109973325278,primary_assignment__Amazon__primary,0.00041467814190168612,True,0.7686953483093848,-0.22548245831762703
primary_assignment,Amazon,cr_balance_index,2000,2005,0,10088,4125,211,128,25246,9959.9999999999982,5.0051546391752577,0.65756972686813109,-9.9137503717656395e-05,1646686607,9999,tested,0.0001,-9.7959367831887631e-05,0.0066425758768342185,-0.012563421814773231,0.013412336582747793,primary_assignment__Amazon__primary,0.00041467814190168612,True,0.78573572846598938,-0.12816600159785829
primary_assignment,Amazon,cr_balance_index,2005,2010,0,10299,3914,192,109,25905,10189.999999999998,5.0305854937372558,0.78059920780744119,-9.7106234220236944e-05,1686800768,9999,tested,0.0001,-0.00019223841079149656,0.006626003200571451,-0.012843744403688736,0.012846357715202872,primary_assignment__Amazon__primary,0.00041467814190168612,True,0.79934104028729058,-0.018741832479849396
primary_assignment,Amazon,cr_balance_index,2010,2015,0,10448,3765,239,135,26217,10312.999999999998,5.0185681470137826,0.80642150127522683,-9.572125969177755e-05,1691412869,9999,tested,0.0001,-0.00013416103713387022,0.0065548531165366556,-0.012863183310951464,0.012972638691974896,primary_assignment__Amazon__primary,0.00041467814190168612,True,0.79068171682624055,0.015739784448986271
primary_assignment,Amazon,cr_balance_index,2015,2020,0,10754,3459,243,150,27112,10604,5.0422168495443556,0.77907766580781412,-9.2997303078210726e-05,3256323007,9999,tested,0.0001,-0.00021910265392588926,0.0065047424947529513,-0.012905513784200547,0.012618446392954728,primary_assignment__Amazon__primary,0.00041467814190168612,True,0.75868498339641555,0.020392682411398577
primary_assignment,Amazon,cr_balance_index,2020,2025,1,11506,2707,256,150,29005,11355.999999999998,5.0417173648531204,0.75790781335326063,-8.6918730986527599e-05,1743264798,9999,tested,0.0001,-0.00015675231925271212,0.006245686543229558,-0.012432381613153288,0.012147169904498597,primary_assignment__Amazon__diagnostic,0.00022833333333333334,True,0.74695536396936923,0.010952449383891394
primary_assignment,Cerrado,consolidation_ha,1985,1990,0,10676,0,2,1,30737,10674.999999999998,5.7581491195204197,0.78602568086132274,-9.3676814988290398e-05,1628752107,9999,tested,0.0001,-0.00013206389512038211,0.0057647091701662802,-0.010817540899698571,0.011530239272156488,primary_assignment__Cerrado__primary,0.00041467814190168612,True,0.79922651011582524,-0.0132008292545025
primary_assignment,Cerrado,consolidation_ha,1990,1995,0,10676,0,2,1,30737,10674.999999999998,5.7581491195204197,0.71549680488815515,-9.3676814988290398e-05,1646733065,9999,tested,0.0001,-8.0515496564674856e-07,0.0057850173741242324,-0.01085950344400473,0.011756136771403466,primary_assignment__Cerrado__primary,0.00041467814190168612,True,0.7283859751837799,-0.012889170295624752
primary_assignment,Cerrado,consolidation_ha,1995,2000,0,10676,0,2,1,30737,10674.999999999998,5.7581491195204197,0.62687514890459484,-9.3676814988290398e-05,2245611323,9999,tested,0.0001,-4.2915442292806843e-05,0.0056865562606367602,-0.011263272276047159,0.011560946165665857,primary_assignment__Cerrado__primary,0.00041467814190168612,True,0.65535481860225997,-0.028479669697665133
primary_assignment,Cerrado,consolidation_ha,2000,2005,0,10676,0,2,1,30737,10674.999999999998,5.7581491195204197,0.6491592712409533,-9.3676814988290398e-05,3598732836,9999,tested,0.0001,-0.00021552710519557024,0.0057110497418991907,-0.011085699898779928,0.011186687924941336,primary_assignment__Cerrado__primary,0.00041467814190168612,True,0.63850882586082902,0.010650445380124274
primary_assignment,Cerrado,consolidation_ha,2005,2010,0,10676,0,2,1,30737,10674.999999999998,5.7581491195204197,0.60403833062362511,-9.3676814988290398e-05,3539179101,9999,tested,0.0001,-0.00011415808903585059,0.0057558091875969915,-0.011247450699410645,0.011531556629449352,primary_assignment__Cerrado__primary,0.00041467814190168612,True,0.61026573968071085,-0.0062274090570857421
primary_assignment,Cerrado,consolidation_ha,2010,2015,0,10676,0,2,1,30737,10674.999999999998,5.7581491195204197,0.58092219631976416,-9.3676814988290398e-05,1200538391,9999,tested,0.0001,-0.00010474885720932053,0.0058135043410550832,-0.011326294275382174,0.011392816564023158,primary_assignment__Cerrado__primary,0.00041467814190168612,True,0.61811129094780481,-0.037189094628040653
primary_assignment,Cerrado,consolidation_ha,2015,2020,0,10676,0,2,1,30737,10674.999999999998,5.7581491195204197,0.54614035298767627,-9.3676814988290398e-05,2544344549,9999,tested,0.0001,-0.0001057167747613589,0.005735007856433009,-0.011204432751689581,0.011389277624560998,primary_assignment__Cerrado__primary,0.00041467814190168612,True,0.55919813037645894,-0.013057777388782665
primary_assignment,Cerrado,consolidation_ha,2020,2025,1,10676,0,2,1,30737,10674.999999999998,5.7581491195204197,0.52735643242524555,-9.3676814988290398e-05,2030259880,9999,tested,0.0001,-4.9669351094337456e-05,0.0057057210442674295,-0.010831242146400384,0.011413528405562848,primary_assignment__Cerrado__diagnostic,0.00022833333333333334,True,0.55243997993413307,-0.025083547508887527
primary_assignment,Cerrado,replenishment_ha,1985,1990,0,10676,0,2,1,30737,10674.999999999998,5.7581491195204197,0.73580305766287657,-9.3676814988290398e-05,1817175711,9999,tested,0.0001,-0.00013984877643393985,0.0057562831064584645,-0.011288039785049166,0.011378445453217405,primary_assignment__Cerrado__primary,0.00041467814190168612,True,0.76997353894534548,-0.034170481282468912
primary_assignment,Cerrado,replenishment_ha,1990,1995,0,10676,0,2,1,30737,10674.999999999998,5.7581491195204197,0.67499909991444151,-9.3676814988290398e-05,1718488597,9999,tested,0.0001,-9.3249045026345717e-05,0.0057058297642722036,-0.011042667959300038,0.011297051931784274,primary_assignment__Cerrado__primary,0.00041467814190168612,True,0.73398923837299535,-0.058990138458553831
primary_assignment,Cerrado,replenishment_ha,1995,2000,0,10676,0,2,1,30737,10674.999999999998,5.7581491195204197,0.62672581653759929,-9.3676814988290398e-05,3230309914,9999,tested,0.0001,-4.7744974231530486e-05,0.0057702825634891926,-0.011215220507006945,0.011311595771399792,primary_assignment__Cerrado__primary,0.00041467814190168612,True,0.69995539590919065,-0.073229579371591358
primary_assignment,Cerrado,replenishment_ha,2000,2005,0,10676,0,2,1,30737,10674.999999999998,5.7581491195204197,0.62999998418275438,-9.3676814988290398e-05,595847576,9999,tested,0.0001,-0.00013667620758321002,0.0056948207383223206,-0.011101684017215917,0.011072191880099828,primary_assignment__Cerrado__primary,0.00041467814190168612,True,0.68886855048481987,-0.058868566302065495
primary_assignment,Cerrado,replenishment_ha,2005,2010,0,10676,0,2,1,30737,10674.999999999998,5.7581491195204197,0.63327508754580619,-9.3676814988290398e-05,3695421170,9999,tested,0.0001,-9.5862544805639592e-05,0.0057724647673638493,-0.011279179057713031,0.011120599287137864,primary_assignment__Cerrado__primary,0.00041467814190168612,True,0.68112164434641165,-0.047846556800605455
primary_assignment,Cerrado,replenishment_ha,2010,2015,0,10676,0,2,1,30737,10674.999999999998,5.7581491195204197,0.68313276012944402,-9.3676814988290398e-05,1672774392,9999,tested,0.0001,-0.00018297667796628563,0.0056984548206698927,-0.011279849286611434,0.01083959149787235,primary_assignment__Cerrado__primary,0.00041467814190168612,True,0.65928574016651964,0.023847019962924376
primary_assignment,Cerrado,replenishment_ha,2015,2020,0,10676,0,2,1,30737,10674.999999999998,5.7581491195204197,0.64393505011795771,-9.3676814988290398e-05,132787981,9999,tested,0.0001,5.3555949181745902e-07,0.0057387890802067182,-0.011188300899735682,0.011343469409090956,primary_assignment__Cerrado__primary,0.00041467814190168612,True,0.61373079176485701,0.030204258353100699
primary_assignment,Cerrado,replenishment_ha,2020,2025,1,10676,0,2,1,30737,10674.999999999998,5.7581491195204197,0.62332478988318174,-9.3676814988290398e-05,1392348975,9999,tested,0.0001,-0.00014836302236708349,0.0057910689693299088,-0.01135994100466094,0.011318209782064451,primary_assignment__Cerrado__diagnostic,0.00022833333333333334,True,0.58887918104450543,0.034445608838676312
primary_assignment,Cerrado,nat_tmp_endpoint_ha,1985,1990,0,10676,0,2,1,30737,10674.999999999998,5.7581491195204197,0.54645992837544688,-9.3676814988290398e-05,4227101440,9999,tested,0.0001,1.3818856521707664e-05,0.0057760092050637129,-0.010331465814639933,0.012310102915208296,primary_assignment__Cerrado__primary,0.00041467814190168612,True,0.55000710243244233,-0.0035471740569954502
primary_assignment,Cerrado,nat_tmp_endpoint_ha,1990,1995,0,10676,0,2,1,30737,10674.999999999998,5.7581491195204197,0.59154714958064292,-9.3676814988290398e-05,2340606245,9999,tested,0.0001,-4.0981287859358257e-05,0.0058158141275758994,-0.010668931885029173,0.012062091925906692,primary_assignment__Cerrado__primary,0.00041467814190168612,True,0.59185012235722001,-0.00030297277657709287
primary_assignment,Cerrado,nat_tmp_endpoint_ha,1995,2000,0,10676,0,2,1,30737,10674.999999999998,5.7581491195204197,0.49140461259385909,-9.3676814988290398e-05,627974111,9999,tested,0.0001,-0.0001108904228617728,0.0056493040636178089,-0.0098037156422740336,0.01243172723392064,primary_assignment__Cerrado__primary,0.00041467814190168612,True,0.54557898947017591,-0.054174376876316821
primary_assignment,Cerrado,nat_tmp_endpoint_ha,2000,2005,0,10676,0,2,1,30737,10674.999999999998,5.7581491195204197,0.48171398069563226,-9.3676814988290398e-05,2783390588,9999,tested,0.0001,-0.00019852121282790811,0.0057410653002016657,-0.010452967097772299,0.012111757206069135,primary_assignment__Cerrado__primary,0.00041467814190168612,True,0.57681959445171516,-0.095105613756082896
primary_assignment,Cerrado,nat_tmp_endpoint_ha,2005,2010,0,10676,0,2,1,30737,10674.999999999998,5.7581491195204197,0.39530772731130859,-9.3676814988290398e-05,636354117,9999,tested,0.0001,-0.00013773956771131741,0.005688809854505544,-0.0089043175856543377,0.013218073641160157,primary_assignment__Cerrado__primary,0.00041467814190168612,True,0.40511308122493872,-0.0098053539136301326
primary_assignment,Cerrado,nat_tmp_endpoint_ha,2010,2015,0,10676,0,2,1,30737,10674.999999999998,5.7581491195204197,0.46394624537837181,-9.3676814988290398e-05,1866977383,9999,tested,0.0001,-0.00011035719755810834,0.0056998880981493655,-0.0099001079060092954,0.01245763689513934,primary_assignment__Cerrado__primary,0.00041467814190168612,True,0.47071233366077031,-0.0067660882823984969
primary_assignment,Cerrado,nat_tmp_endpoint_ha,2015,2020,0,10676,0,2,1,30737,10674.999999999998,5.7581491195204197,0.32577561198380944,-9.3676814988290398e-05,752181690,9999,tested,0.0001,-7.3362988330469921e-05,0.0056809166609783556,-0.010341205078541318,0.012021772025649902,primary_assignment__Cerrado__primary,0.00041467814190168612,True,0.36101031004560141,-0.035234698061791969
primary_assignment,Cerrado,nat_tmp_endpoint_ha,2020,2025,1,10676,0,2,1,30737,10674.999999999998,5.7581491195204197,0.40427782930988188,-9.3676814988290398e-05,449877439,9999,tested,0.0001,-5.7682269455317291e-06,0.0057217994007339873,-0.008767628970517187,0.013524320407093967,primary_assignment__Cerrado__diagnostic,0.00022833333333333334,True,0.42168586368133198,-0.01740803437145011
primary_assignment,Cerrado,net_cr_balance_ha,1985,1990,0,10676,0,2,1,30737,10674.999999999998,5.7581491195204197,0.73668001289730078,-9.3676814988290398e-05,166949065,9999,tested,0.0001,-9.1798738583088533e-05,0.0056942213638581972,-0.010880844793290732,0.011107650120088935,primary_assignment__Cerrado__primary,0.00041467814190168612,True,0.76026158674484057,-0.023581573847539783
primary_assignment,Cerrado,net_cr_balance_ha,1990,1995,0,10676,0,2,1,30737,10674.999999999998,5.7581491195204197,0.6886986544043483,-9.3676814988290398e-05,3341465210,9999,tested,0.0001,-0.00016109987814553258,0.0057985619764452656,-0.011386083211816689,0.011008401770155916,primary_assignment__Cerrado__primary,0.00041467814190168612,True,0.73110887755743281,-0.042410223153084514
primary_assignment,Cerrado,net_cr_balance_ha,1995,2000,0,10676,0,2,1,30737,10674.999999999998,5.7581491195204197,0.63873165842073965,-9.3676814988290398e-05,892247587,9999,tested,0.0001,-4.0330369210889389e-05,0.0057273316469520254,-0.011170575743694107,0.011218503993367728,primary_assignment__Cerrado__primary,0.00041467814190168612,True,0.69855598507059335,-0.05982432664985371
primary_assignment,Cerrado,net_cr_balance_ha,2000,2005,0,10676,0,2,1,30737,10674.999999999998,5.7581491195204197,0.66422087459434354,-9.3676814988290398e-05,1609153685,9999,tested,0.0001,-6.7998180743258707e-05,0.0057890206303252674,-0.011284108685671836,0.011249916909971163,primary_assignment__Cerrado__primary,0.00041467814190168612,True,0.68779287794243538,-0.023572003348091841
primary_assignment,Cerrado,net_cr_balance_ha,2005,2010,0,10676,0,2,1,30737,10674.999999999998,5.7581491195204197,0.66477655255467072,-9.3676814988290398e-05,2866763525,9999,tested,0.0001,-8.3998674926789215e-06,0.0057603022406290888,-0.011142475720400892,0.01142298532544146,primary_assignment__Cerrado__primary,0.00041467814190168612,True,0.68230887868570567,-0.017532326131034948
primary_assignment,Cerrado,net_cr_balance_ha,2010,2015,0,10676,0,2,1,30737,10674.999999999998,5.7581491195204197,0.65785064901468659,-9.3676814988290398e-05,534746879,9999,tested,0.0001,-0.00012388163546818467,0.0057662670893097248,-0.011294041567982901,0.011357666381682721,primary_assignment__Cerrado__primary,0.00041467814190168612,True,0.64827359221623304,0.0095770567984535537
primary_assignment,Cerrado,net_cr_balance_ha,2015,2020,0,10676,0,2,1,30737,10674.999999999998,5.7581491195204197,0.60899821341102833,-9.3676814988290398e-05,501029697,9999,tested,0.0001,-9.9835921810563871e-05,0.0057330898286357289,-0.011479796876334117,0.011126367251885431,primary_assignment__Cerrado__primary,0.00041467814190168612,True,0.59737541863297616,0.01162279477805217
primary_assignment,Cerrado,net_cr_balance_ha,2020,2025,1,10676,0,2,1,30737,10674.999999999998,5.7581491195204197,0.60624918417027052,-9.3676814988290398e-05,2684021437,9999,tested,0.0001,-1.0777595881809851e-05,0.0057522976397741035,-0.011216870310484879,0.01125151911451484,primary_assignment__Cerrado__diagnostic,0.00022833333333333334,True,0.58197882989897032,0.024270354271300199
primary_assignment,Cerrado,cr_balance_index,1985,1990,0,9852,824,22,15,27415,9836.9999999999982,5.565367438083638,0.77033386778134583,-0.00010151253679829459,323387855,9999,tested,0.0001,-0.00016317462827943562,0.006141035425782539,-0.012137685146259182,0.011989225875358826,primary_assignment__Cerrado__primary,0.00041467814190168612,True,0.75485654559563475,0.015477322185711073
primary_assignment,Cerrado,cr_balance_index,1990,1995,0,10055,621,13,5,28235,10050,5.6161113873694681,0.78606587818241991,-9.9462900338173865e-05,1653485412,9999,tested,0.0001,-4.4507512056909279e-06,0.0060820592113668753,-0.011843323547225818,0.012148011335205745,primary_assignment__Cerrado__primary,0.00041467814190168612,True,0.78229498796587238,0.0037708902165475289
primary_assignment,Cerrado,cr_balance_index,1995,2000,0,10181,495,12,8,28711,10172.999999999998,5.640113937727139,0.75197273232575834,-9.8231827111984279e-05,1304429373,9999,tested,0.0001,-4.0004132817113643e-05,0.0059810366394205759,-0.011715777632148223,0.011919000309703142,primary_assignment__Cerrado__primary,0.00041467814190168612,True,0.7686953483093848,-0.016722615983626454
primary_assignment,Cerrado,cr_balance_index,2000,2005,0,10306,370,14,11,29173,10294.999999999998,5.6613623132156023,0.77498050034275101,-9.704027171276079e-05,3595894861,9999,tested,0.0001,-9.181566112011578e-05,0.0059309660658944038,-0.01156230215562142,0.011606827367394001,primary_assignment__Cerrado__primary,0.00041467814190168612,True,0.78573572846598938,-0.01075522812323837
primary_assignment,Cerrado,cr_balance_index,2005,2010,0,10343,333,9,5,29325,10337.999999999998,5.6705017886493279,0.77922409140073234,-9.6693096112937532e-05,665840254,9999,tested,0.0001,-8.3241196738927515e-05,0.005936235167998352,-0.011476852506394821,0.01157868192879956,primary_assignment__Cerrado__primary,0.00041467814190168612,True,0.79934104028729058,-0.020116948886558239
primary_assignment,Cerrado,cr_balance_index,2010,2015,0,10412,264,8,4,29630,10407.999999999998,5.6915097963887824,0.75742886997059433,-9.605225242531937e-05,2046613380,9999,tested,0.0001,-6.0165077102665836e-05,0.005912315051960014,-0.011466704775086999,0.011655909574802663,primary_assignment__Cerrado__primary,0.00041467814190168612,True,0.79068171682624055,-0.033252846855646223
primary_assignment,Cerrado,cr_balance_index,2015,2020,0,10452,224,6,3,29805,10449,5.7032146957520089,0.7186251577860715,-9.5684623481006597e-05,252759562,9999,tested,0.0001,-0.0001087661709349918,0.0059361591385306721,-0.011538292106627218,0.011564233149634061,primary_assignment__Cerrado__primary,0.00041467814190168612,True,0.75868498339641555,-0.040059825610344046
primary_assignment,Cerrado,cr_balance_index,2020,2025,1,10544,132,6,3,30200,10540.999999999998,5.7283763277693476,0.72567235450454604,-9.4849663283695342e-05,3790359310,9999,tested,0.0001,-7.3874592788719496e-05,0.005774642826325567,-0.0115250162226231,0.011300481636650008,primary_assignment__Cerrado__diagnostic,0.00022833333333333334,True,0.74695536396936923,-0.021283009464823199
single_biome_sensitivity,Amazon,consolidation_ha,1985,1990,0,13920,0,267,165,35124,13755.000000000002,5.046551724137931,0.33434623769217736,-7.184424168402903e-05,2758661309,9999,tested,0.0001,-0.0001174393520550172,0.0051331937546858809,-0.0032436715309293014,0.012152624725114554,single_biome_sensitivity__Amazon__primary,0.00041467814190168612,True,0.79922651011582524,-0.46488027242364788
single_biome_sensitivity,Amazon,consolidation_ha,1990,1995,0,13920,0,267,165,35124,13755.000000000002,5.046551724137931,0.39455430265334757,-7.184424168402903e-05,103435156,9999,tested,0.0001,-9.7686393184921849e-05,0.0047616936922819974,-0.003406827966057529,0.010887096993413094,single_biome_sensitivity__Amazon__primary,0.00041467814190168612,True,0.7283859751837799,-0.33383167253043233
single_biome_sensitivity,Amazon,consolidation_ha,1995,2000,0,13920,0,267,165,35124,13755.000000000002,5.046551724137931,0.58711285810342295,-7.184424168402903e-05,546268717,9999,tested,0.0001,-3.7434288990795847e-05,0.0056571662421059316,-0.0076605613669619666,0.013926387705630055,single_biome_sensitivity__Amazon__primary,0.00041467814190168612,True,0.65535481860225997,-0.068241960498837018
single_biome_sensitivity,Amazon,consolidation_ha,2000,2005,0,13920,0,267,165,35124,13755.000000000002,5.046551724137931,0.52293024537446375,-7.184424168402903e-05,2347476070,9999,tested,0.0001,-3.8814874386107347e-05,0.0056197798116729807,-0.0089530099507837396,0.013102559105527944,single_biome_sensitivity__Amazon__primary,0.00041467814190168612,True,0.63850882586082902,-0.11557858048636527
single_biome_sensitivity,Amazon,consolidation_ha,2005,2010,0,13920,0,267,165,35124,13755.000000000002,5.046551724137931,0.60172827618438285,-7.184424168402903e-05,3042323115,9999,tested,0.0001,-7.2514896037579899e-05,0.005673701636005616,-0.010008045338146108,0.01218501625188865,single_biome_sensitivity__Amazon__primary,0.00041467814190168612,True,0.61026573968071085,-0.0085374634963280016
single_biome_sensitivity,Amazon,consolidation_ha,2010,2015,0,13920,0,267,165,35124,13755.000000000002,5.046551724137931,0.64601739579356143,-7.184424168402903e-05,1018460028,9999,tested,0.0001,-0.00012351975748852001,0.0056476147343163721,-0.010247036828292375,0.011921309948514352,single_biome_sensitivity__Amazon__primary,0.00041467814190168612,True,0.61811129094780481,0.027906104845756619
single_biome_sensitivity,Amazon,consolidation_ha,2015,2020,0,13920,0,267,165,35124,13755.000000000002,5.046551724137931,0.55645393185290659,-7.184424168402903e-05,4215458291,9999,tested,0.0001,-3.5784688470903512e-05,0.0056817561659021753,-0.010242321778098803,0.011752767139322972,single_biome_sensitivity__Amazon__primary,0.00041467814190168612,True,0.55919813037645894,-0.0027441985235523436
single_biome_sensitivity,Amazon,consolidation_ha,2020,2025,1,13920,0,267,165,35124,13755.000000000002,5.046551724137931,0.56774726476443182,-7.184424168402903e-05,2172472853,9999,tested,0.0001,-0.00010219645284207948,0.0056669054704378274,-0.01032090030030689,0.011887202244591118,single_biome_sensitivity__Amazon__diagnostic,0.00022833333333333334,True,0.55243997993413307,0.015307284830298751
single_biome_sensitivity,Amazon,replenishment_ha,1985,1990,0,13920,0,267,165,35124,13755.000000000002,5.046551724137931,0.75800311819525668,-7.184424168402903e-05,4077869603,9999,tested,0.0001,-0.0001082144995809535,0.0056498923679761549,-0.010825515951406359,0.011324254032669775,single_biome_sensitivity__Amazon__primary,0.00041467814190168612,True,0.76997353894534548,-0.011970420750088806
single_biome_sensitivity,Amazon,replenishment_ha,1990,1995,0,13920,0,267,165,35124,13755.000000000002,5.046551724137931,0.76750114832630545,-7.184424168402903e-05,248164027,9999,tested,0.0001,-0.00010689866316482943,0.0056636020571076192,-0.011255641463088498,0.011034536080111944,single_biome_sensitivity__Amazon__primary,0.00041467814190168612,True,0.73398923837299535,0.033511909953310104
single_biome_sensitivity,Amazon,replenishment_ha,1995,2000,0,13920,0,267,165,35124,13755.000000000002,5.046551724137931,0.72816912976735304,-7.184424168402903e-05,925498816,9999,tested,0.0001,-6.0488055070622657e-05,0.0056521597186570179,-0.010842321462973538,0.011062211759727025,single_biome_sensitivity__Amazon__primary,0.00041467814190168612,True,0.69995539590919065,0.028213733858162393
single_biome_sensitivity,Amazon,replenishment_ha,2000,2005,0,13920,0,267,165,35124,13755.000000000002,5.046551724137931,0.70444201969120701,-7.184424168402903e-05,891387806,9999,tested,0.0001,2.614257455476728e-06,0.0056886641895139986,-0.010730616056567234,0.011361288279067239,single_biome_sensitivity__Amazon__primary,0.00041467814190168612,True,0.68886855048481987,0.015573469206387136
single_biome_sensitivity,Amazon,replenishment_ha,2005,2010,0,13920,0,267,165,35124,13755.000000000002,5.046551724137931,0.69833876914714021,-7.184424168402903e-05,2703068398,9999,tested,0.0001,-4.8286018471318968e-05,0.0057182938707056883,-0.010841581001998201,0.011491646269752088,single_biome_sensitivity__Amazon__primary,0.00041467814190168612,True,0.68112164434641165,0.017217124800728567
single_biome_sensitivity,Amazon,replenishment_ha,2010,2015,0,13920,0,267,165,35124,13755.000000000002,5.046551724137931,0.64556143121775278,-7.184424168402903e-05,562363568,9999,tested,0.0001,-4.6315144926706816e-06,0.0055629785024085493,-0.010613317628874262,0.011113268064219748,single_biome_sensitivity__Amazon__primary,0.00041467814190168612,True,0.65928574016651964,-0.013724308948766861
single_biome_sensitivity,Amazon,replenishment_ha,2015,2020,0,13920,0,267,165,35124,13755.000000000002,5.046551724137931,0.61033105644529484,-7.184424168402903e-05,771161600,9999,tested,0.0001,-9.4200019005172069e-05,0.0056663751490889655,-0.01097752717597617,0.01137226291882038,single_biome_sensitivity__Amazon__primary,0.00041467814190168612,True,0.61373079176485701,-0.0033997353195621693
single_biome_sensitivity,Amazon,replenishment_ha,2020,2025,1,13920,0,267,165,35124,13755.000000000002,5.046551724137931,0.5740085568676242,-7.184424168402903e-05,2552857164,9999,tested,0.0001,-2.7538592451527198e-05,0.005685562972122124,-0.010820237832224968,0.011376021556479755,single_biome_sensitivity__Amazon__diagnostic,0.00022833333333333334,True,0.58887918104450543,-0.014870624176881231
single_biome_sensitivity,Amazon,nat_tmp_endpoint_ha,1985,1990,0,13920,0,267,165,35124,13755.000000000002,5.046551724137931,0.48228585536156404,-7.184424168402903e-05,2903084145,9999,tested,0.0001,-7.0050026959337169e-05,0.0050318646464020816,-0.002387292282614314,0.0097560982140468145,single_biome_sensitivity__Amazon__primary,0.00041467814190168612,True,0.55000710243244233,-0.067721247070878288
single_biome_sensitivity,Amazon,nat_tmp_endpoint_ha,1990,1995,0,13920,0,267,165,35124,13755.000000000002,5.046551724137931,0.5717413349641689,-7.184424168402903e-05,4111321855,9999,tested,0.0001,7.1791093626887267e-05,0.005778030399860387,-0.0040611239540409242,0.014760669705401415,single_biome_sensitivity__Amazon__primary,0.00041467814190168612,True,0.59185012235722001,-0.020108787393051109
single_biome_sensitivity,Amazon,nat_tmp_endpoint_ha,1995,2000,0,13920,0,267,165,35124,13755.000000000002,5.046551724137931,0.62674130157584906,-7.184424168402903e-05,4017567259,9999,tested,0.0001,-0.00010596298639030909,0.0055474610766975199,-0.0058417959631268113,0.013944145331500643,single_biome_sensitivity__Amazon__primary,0.00041467814190168612,True,0.54557898947017591,0.081162312105673151
single_biome_sensitivity,Amazon,nat_tmp_endpoint_ha,2000,2005,0,13920,0,267,165,35124,13755.000000000002,5.046551724137931,0.65119721815475551,-7.184424168402903e-05,533287096,9999,tested,0.0001,-0.00011837563463426348,0.0055981003638288056,-0.0089812495563202713,0.012693765958906244,single_biome_sensitivity__Amazon__primary,0.00041467814190168612,True,0.57681959445171516,0.074377623703040352
single_biome_sensitivity,Amazon,nat_tmp_endpoint_ha,2005,2010,0,13920,0,267,165,35124,13755.000000000002,5.046551724137931,0.36923440321289747,-7.184424168402903e-05,2106545960,9999,tested,0.0001,-9.4207157507073574e-05,0.0054795981704393558,-0.0073149798148084023,0.013223505448863086,single_biome_sensitivity__Amazon__primary,0.00041467814190168612,True,0.40511308122493872,-0.035878678012041254
single_biome_sensitivity,Amazon,nat_tmp_endpoint_ha,2010,2015,0,13920,0,267,165,35124,13755.000000000002,5.046551724137931,0.35578131123970158,-7.184424168402903e-05,1132100013,9999,tested,0.0001,-7.0595743352123749e-05,0.0055276468045746732,-0.0085347907292760879,0.013052486253413591,single_biome_sensitivity__Amazon__primary,0.00041467814190168612,True,0.47071233366077031,-0.11493102242106873
single_biome_sensitivity,Amazon,nat_tmp_endpoint_ha,2015,2020,0,13920,0,267,165,35124,13755.000000000002,5.046551724137931,0.41865726647613549,-7.184424168402903e-05,3569868813,9999,tested,0.0001,-0.000151248170273159,0.0056871218845175701,-0.0086518625189170983,0.012993120163902751,single_biome_sensitivity__Amazon__primary,0.00041467814190168612,True,0.36101031004560141,0.05764695643053408
single_biome_sensitivity,Amazon,nat_tmp_endpoint_ha,2020,2025,1,13920,0,267,165,35124,13755.000000000002,5.046551724137931,0.51063716782787649,-7.184424168402903e-05,1744225122,9999,tested,0.0001,-0.00010068002232116574,0.0056236308600534574,-0.008558646665129295,0.01277596875885894,single_biome_sensitivity__Amazon__diagnostic,0.00022833333333333334,True,0.42168586368133198,0.088951304146544508
single_biome_sensitivity,Amazon,net_cr_balance_ha,1985,1990,0,13920,0,267,165,35124,13755.000000000002,5.046551724137931,0.75757861839998442,-7.184424168402903e-05,1616047150,9999,tested,0.0001,-2.4453857079319694e-05,0.0057484202410437368,-0.011048684532934784,0.011484416935821874,single_biome_sensitivity__Amazon__primary,0.00041467814190168612,True,0.76026158674484057,-0.0026829683448561514
single_biome_sensitivity,Amazon,net_cr_balance_ha,1990,1995,0,13920,0,267,165,35124,13755.000000000002,5.046551724137931,0.76541987150474233,-7.184424168402903e-05,462107128,9999,tested,0.0001,-3.2752237781424143e-05,0.0057215494569076864,-0.011009786036856107,0.011453903591239351,single_biome_sensitivity__Amazon__primary,0.00041467814190168612,True,0.73110887755743281,0.03431099394730952
single_biome_sensitivity,Amazon,net_cr_balance_ha,1995,2000,0,13920,0,267,165,35124,13755.000000000002,5.046551724137931,0.72628076160037602,-7.184424168402903e-05,3342101591,9999,tested,0.0001,-7.8527015504788306e-05,0.0056563797106013976,-0.011064683759869008,0.011009590277196652,single_biome_sensitivity__Amazon__primary,0.00041467814190168612,True,0.69855598507059335,0.027724776529782669
single_biome_sensitivity,Amazon,net_cr_balance_ha,2000,2005,0,13920,0,267,165,35124,13755.000000000002,5.046551724137931,0.68919069735687621,-7.184424168402903e-05,2940274448,9999,tested,0.0001,-6.9324802592347849e-05,0.0056800483578774942,-0.011187418695453047,0.010922588455290497,single_biome_sensitivity__Amazon__primary,0.00041467814190168612,True,0.68779287794243538,0.0013978194144408373
single_biome_sensitivity,Amazon,net_cr_balance_ha,2005,2010,0,13920,0,267,165,35124,13755.000000000002,5.046551724137931,0.69076597094329739,-7.184424168402903e-05,3951824145,9999,tested,0.0001,-0.00010603003280751659,0.0057545611627988578,-0.011299042103464023,0.011213930117271132,single_biome_sensitivity__Amazon__primary,0.00041467814190168612,True,0.68230887868570567,0.0084570922575917251
single_biome_sensitivity,Amazon,net_cr_balance_ha,2010,2015,0,13920,0,267,165,35124,13755.000000000002,5.046551724137931,0.64746640974062464,-7.184424168402903e-05,2273941971,9999,tested,0.0001,-2.795234728365469e-05,0.0056873643204170057,-0.011536105386585867,0.011191036110395304,single_biome_sensitivity__Amazon__primary,0.00041467814190168612,True,0.64827359221623304,-0.00080718247560840339
single_biome_sensitivity,Amazon,net_cr_balance_ha,2015,2020,0,13920,0,267,165,35124,13755.000000000002,5.046551724137931,0.59348761239854775,-7.184424168402903e-05,3265785308,9999,tested,0.0001,-0.00010023428521526661,0.0056185303988358724,-0.011009690623339593,0.010949329452200812,single_biome_sensitivity__Amazon__primary,0.00041467814190168612,True,0.59737541863297616,-0.0038878062344284148
single_biome_sensitivity,Amazon,net_cr_balance_ha,2020,2025,1,13920,0,267,165,35124,13755.000000000002,5.046551724137931,0.5740826199592528,-7.184424168402903e-05,108152719,9999,tested,0.0001,2.1609449826298551e-05,0.005699688722292596,-0.010936106304050577,0.011717528373309343,single_biome_sensitivity__Amazon__diagnostic,0.00022833333333333334,True,0.58197882989897032,-0.0078962099397175134
single_biome_sensitivity,Amazon,cr_balance_index,1985,1990,0,7508,6412,251,151,17676,7356.9999999999991,4.7085775173148638,0.32301656706477266,-0.00013320900492873319,2531759497,9999,tested,0.0001,-0.00015969624196893433,0.0078462159718215626,-0.010124211973080699,0.018830815431254953,single_biome_sensitivity__Amazon__primary,0.00041467814190168612,True,0.75485654559563475,-0.43183997853086209
single_biome_sensitivity,Amazon,cr_balance_index,1990,1995,0,8385,5535,245,155,20095,8229.9999999999982,4.7930828861061423,0.42712521031425077,-0.00011927480916030534,31651588,9999,tested,0.0001,-0.0001315782922238632,0.0074957029165457663,-0.01171469983640034,0.017194339978111418,single_biome_sensitivity__Amazon__primary,0.00041467814190168612,True,0.78229498796587238,-0.35516977765162161
single_biome_sensitivity,Amazon,cr_balance_index,1995,2000,0,8994,4926,255,160,21833,8834,4.8550144540804983,0.51908947653775916,-0.00011119759813188036,2809947838,9999,tested,0.0001,-0.00020683763876227173,0.0073052482071587011,-0.012629673367388617,0.015864001241762918,single_biome_sensitivity__Amazon__primary,0.00041467814190168612,True,0.7686953483093848,-0.24960587177162563
single_biome_sensitivity,Amazon,cr_balance_index,2000,2005,0,9809,4111,212,129,24445,9679.9999999999982,4.9841981853399941,0.6542701363709682,-0.00010195758564437195,3510668988,9999,tested,0.0001,-6.5388401603327394e-05,0.0068436459710709144,-0.01286806952692976,0.014082077840404812,single_biome_sensitivity__Amazon__primary,0.00041467814190168612,True,0.78573572846598938,-0.13146559209502118
single_biome_sensitivity,Amazon,cr_balance_index,2005,2010,0,10019,3901,192,109,25102,9910,5.0108793292743785,0.77849042956539016,-9.9820323417847872e-05,4275367657,9999,tested,0.0001,-0.00011578555106565347,0.0066904273727098314,-0.012699453369362132,0.013251915516023855,single_biome_sensitivity__Amazon__primary,0.00041467814190168612,True,0.79934104028729058,-0.02085061072190042
single_biome_sensitivity,Amazon,cr_balance_index,2010,2015,0,10167,3753,240,136,25409,10031,4.9983279236746334,0.80301473031576998,-9.8367106039740304e-05,4225001237,9999,tested,0.0001,5.1230021965285936e-05,0.0067367644156812942,-0.012989387011749773,0.013329024314903001,single_biome_sensitivity__Amazon__primary,0.00041467814190168612,True,0.79068171682624055,0.012333013489529421
single_biome_sensitivity,Amazon,cr_balance_index,2015,2020,0,10475,3445,245,152,26305,10323,5.0224343675417664,0.77604782868005451,-9.5474508306282225e-05,557729412,9999,tested,0.0001,-1.3232526399793593e-05,0.0065306402711140356,-0.012523098438456028,0.012944875402320723,single_biome_sensitivity__Amazon__primary,0.00041467814190168612,True,0.75868498339641555,0.017362845283638961
single_biome_sensitivity,Amazon,cr_balance_index,2020,2025,1,11225,2695,259,153,28192,11072,5.0230734966592427,0.75385787494714929,-8.9094796863863155e-05,2463630614,9999,tested,0.0001,-1.8802192076196135e-05,0.0063055007215505878,-0.012542318922403204,0.012463551569780979,single_biome_sensitivity__Amazon__diagnostic,0.00022833333333333334,True,0.74695536396936923,0.006902510977780052
single_biome_sensitivity,Cerrado,consolidation_ha,1985,1990,0,10387,0,5,2,29903,10384.999999999998,5.757774140752864,0.78697410047333838,-9.6283458501829385e-05,2931752870,9999,tested,0.0001,-6.8659088068139784e-05,0.0058794082540617985,-0.010989147363776812,0.012094934100942274,single_biome_sensitivity__Cerrado__primary,0.00041467814190168612,True,0.79922651011582524,-0.012252409642486861
single_biome_sensitivity,Cerrado,consolidation_ha,1990,1995,0,10387,0,5,2,29903,10384.999999999998,5.757774140752864,0.71666376576557445,-9.6283458501829385e-05,1445069974,9999,tested,0.0001,-0.00014214140450758645,0.0058200281434810652,-0.011136816715954378,0.011565904389236969,single_biome_sensitivity__Cerrado__primary,0.00041467814190168612,True,0.7283859751837799,-0.011722209418205454
single_biome_sensitivity,Cerrado,consolidation_ha,1995,2000,0,10387,0,5,2,29903,10384.999999999998,5.757774140752864,0.62817771545043166,-9.6283458501829385e-05,930760709,9999,tested,0.0001,-9.1602612535018362e-05,0.0058783920730682022,-0.01116515988728457,0.011871631426267079,single_biome_sensitivity__Cerrado__primary,0.00041467814190168612,True,0.65535481860225997,-0.027177103151828308
single_biome_sensitivity,Cerrado,consolidation_ha,2000,2005,0,10387,0,5,2,29903,10384.999999999998,5.757774140752864,0.64957500783757149,-9.6283458501829385e-05,602449585,9999,tested,0.0001,-8.4453374183150813e-05,0.0058312476379147188,-0.011354909194509804,0.011445603736256155,single_biome_sensitivity__Cerrado__primary,0.00041467814190168612,True,0.63850882586082902,0.011066181976742473
single_biome_sensitivity,Cerrado,consolidation_ha,2005,2010,0,10387,0,5,2,29903,10384.999999999998,5.757774140752864,0.60492560626086811,-9.6283458501829385e-05,4070742032,9999,tested,0.0001,-7.7018080077675109e-05,0.0058172534981413343,-0.011267521840704118,0.011534123841966228,single_biome_sensitivity__Cerrado__primary,0.00041467814190168612,True,0.61026573968071085,-0.0053401334198427408
single_biome_sensitivity,Cerrado,consolidation_ha,2010,2015,0,10387,0,5,2,29903,10384.999999999998,5.757774140752864,0.57925798721657185,-9.6283458501829385e-05,3466641635,9999,tested,0.0001,-4.5133190008774722e-05,0.0058538030595778699,-0.011306566744996535,0.011647297220888241,single_biome_sensitivity__Cerrado__primary,0.00041467814190168612,True,0.61811129094780481,-0.038853303731232969
single_biome_sensitivity,Cerrado,consolidation_ha,2015,2020,0,10387,0,5,2,29903,10384.999999999998,5.757774140752864,0.54737905061767578,-9.6283458501829385e-05,2974901543,9999,tested,0.0001,-0.0001985486582531367,0.0058422706025907196,-0.011283917603423996,0.011618505796564694,single_biome_sensitivity__Cerrado__primary,0.00041467814190168612,True,0.55919813037645894,-0.011819079758783158
single_biome_sensitivity,Cerrado,consolidation_ha,2020,2025,1,10387,0,5,2,29903,10384.999999999998,5.757774140752864,0.53446368013304602,-9.6283458501829385e-05,812498320,9999,tested,0.0001,-0.00010921118634750943,0.005827363154904704,-0.011001955576647238,0.012061505663494773,single_biome_sensitivity__Cerrado__diagnostic,0.00022833333333333334,True,0.55243997993413307,-0.017976299801087059
single_biome_sensitivity,Cerrado,replenishment_ha,1985,1990,0,10387,0,5,2,29903,10384.999999999998,5.757774140752864,0.7368238132933782,-9.6283458501829385e-05,1324783311,9999,tested,0.0001,-5.0406860173693563e-05,0.0058887615612939377,-0.011473734883116829,0.011749625277111986,single_biome_sensitivity__Cerrado__primary,0.00041467814190168612,True,0.76997353894534548,-0.033149725651967277
single_biome_sensitivity,Cerrado,replenishment_ha,1990,1995,0,10387,0,5,2,29903,10384.999999999998,5.757774140752864,0.67293190939225811,-9.6283458501829385e-05,3260014115,9999,tested,0.0001,-6.2347975762685418e-05,0.005840365908081447,-0.011128325393483237,0.011619207752436238,single_biome_sensitivity__Cerrado__primary,0.00041467814190168612,True,0.73398923837299535,-0.061057328980737235
single_biome_sensitivity,Cerrado,replenishment_ha,1995,2000,0,10387,0,5,2,29903,10384.999999999998,5.757774140752864,0.62430826966618558,-9.6283458501829385e-05,2047061108,9999,tested,0.0001,-0.00013391823179410538,0.0058404922504903586,-0.011356820435541242,0.011299334279237818,single_biome_sensitivity__Cerrado__primary,0.00041467814190168612,True,0.69995539590919065,-0.075647126243005069
single_biome_sensitivity,Cerrado,replenishment_ha,2000,2005,0,10387,0,5,2,29903,10384.999999999998,5.757774140752864,0.62689808260258573,-9.6283458501829385e-05,2371554726,9999,tested,0.0001,-0.00012433308537431598,0.005801202506339441,-0.011335976397166362,0.011375458467131507,single_biome_sensitivity__Cerrado__primary,0.00041467814190168612,True,0.68886855048481987,-0.061970467882234148
single_biome_sensitivity,Cerrado,replenishment_ha,2005,2010,0,10387,0,5,2,29903,10384.999999999998,5.757774140752864,0.62696509522036648,-9.6283458501829385e-05,2116757695,9999,tested,0.0001,-8.4118198871113869e-05,0.0058481235359685527,-0.011266750727136517,0.011683740111726588,single_biome_sensitivity__Cerrado__primary,0.00041467814190168612,True,0.68112164434641165,-0.054156549126045173
single_biome_sensitivity,Cerrado,replenishment_ha,2010,2015,0,10387,0,5,2,29903,10384.999999999998,5.757774140752864,0.67842713603802285,-9.6283458501829385e-05,377309476,9999,tested,0.0001,-0.00012000065259308702,0.0058589712440163567,-0.011508680068663724,0.011743381884719295,single_biome_sensitivity__Cerrado__primary,0.00041467814190168612,True,0.65928574016651964,0.019141395871503208
single_biome_sensitivity,Cerrado,replenishment_ha,2015,2020,0,10387,0,5,2,29903,10384.999999999998,5.757774140752864,0.63686933559468994,-9.6283458501829385e-05,3901057955,9999,tested,0.0001,-0.00015314958399496211,0.0058828812632529606,-0.011533087861415303,0.011718727315874681,single_biome_sensitivity__Cerrado__primary,0.00041467814190168612,True,0.61373079176485701,0.023138543829832936
single_biome_sensitivity,Cerrado,replenishment_ha,2020,2025,1,10387,0,5,2,29903,10384.999999999998,5.757774140752864,0.6178213954925541,-9.6283458501829385e-05,4033752593,9999,tested,0.0001,-3.1547861559914362e-05,0.0057641728940870515,-0.011215818299383982,0.011253526554724703,single_biome_sensitivity__Cerrado__diagnostic,0.00022833333333333334,True,0.58887918104450543,0.028942214448048675
single_biome_sensitivity,Cerrado,nat_tmp_endpoint_ha,1985,1990,0,10387,0,5,2,29903,10384.999999999998,5.757774140752864,0.54729394875049675,-9.6283458501829385e-05,149326776,9999,tested,0.0001,-0.0001532378857625088,0.0057899015648762413,-0.010435770065663682,0.012239798955435864,single_biome_sensitivity__Cerrado__primary,0.00041467814190168612,True,0.55000710243244233,-0.0027131536819455793
single_biome_sensitivity,Cerrado,nat_tmp_endpoint_ha,1990,1995,0,10387,0,5,2,29903,10384.999999999998,5.757774140752864,0.58272572358380303,-9.6283458501829385e-05,3612028996,9999,tested,0.0001,8.5975435180932617e-06,0.0058448182532167816,-0.010523111896332638,0.01238580168989495,single_biome_sensitivity__Cerrado__primary,0.00041467814190168612,True,0.59185012235722001,-0.0091243987734169751
single_biome_sensitivity,Cerrado,nat_tmp_endpoint_ha,1995,2000,0,10387,0,5,2,29903,10384.999999999998,5.757774140752864,0.47673436296397237,-9.6283458501829385e-05,3303175207,9999,tested,0.0001,-0.00014045440418914885,0.0057651149551879938,-0.0098672517781633728,0.012633773427306939,single_biome_sensitivity__Cerrado__primary,0.00041467814190168612,True,0.54557898947017591,-0.068844626506203543
single_biome_sensitivity,Cerrado,nat_tmp_endpoint_ha,2000,2005,0,10387,0,5,2,29903,10384.999999999998,5.757774140752864,0.46937348229370596,-9.6283458501829385e-05,958585628,9999,tested,0.0001,-0.00011441929641483548,0.0058082646557928103,-0.010532226025713643,0.01214721235282692,single_biome_sensitivity__Cerrado__primary,0.00041467814190168612,True,0.57681959445171516,-0.1074461121580092
single_biome_sensitivity,Cerrado,nat_tmp_endpoint_ha,2005,2010,0,10387,0,5,2,29903,10384.999999999998,5.757774140752864,0.39749743014807076,-9.6283458501829385e-05,2342932038,9999,tested,0.0001,-9.7980922751073837e-06,0.0058360799641542947,-0.0091847742198120554,0.013622291952511403,single_biome_sensitivity__Cerrado__primary,0.00041467814190168612,True,0.40511308122493872,-0.0076156510768679575
single_biome_sensitivity,Cerrado,nat_tmp_endpoint_ha,2010,2015,0,10387,0,5,2,29903,10384.999999999998,5.757774140752864,0.46479375108655724,-9.6283458501829385e-05,1592291324,9999,tested,0.0001,-0.00010388391246751621,0.0057733354859772889,-0.010219471108089446,0.01275909179525537,single_biome_sensitivity__Cerrado__primary,0.00041467814190168612,True,0.47071233366077031,-0.0059185825742130715
single_biome_sensitivity,Cerrado,nat_tmp_endpoint_ha,2015,2020,0,10387,0,5,2,29903,10384.999999999998,5.757774140752864,0.33090854682398635,-9.6283458501829385e-05,3245075164,9999,tested,0.0001,-0.00012848795270232476,0.00583238217188031,-0.010279852465844794,0.012515671169721607,single_biome_sensitivity__Cerrado__primary,0.00041467814190168612,True,0.36101031004560141,-0.030101763221615063
single_biome_sensitivity,Cerrado,nat_tmp_endpoint_ha,2020,2025,1,10387,0,5,2,29903,10384.999999999998,5.757774140752864,0.40485701529203466,-9.6283458501829385e-05,3138495455,9999,tested,0.0001,-0.00011605561497943821,0.0057739144023019502,-0.0089790439638136894,0.013630802553271888,single_biome_sensitivity__Cerrado__diagnostic,0.00022833333333333334,True,0.42168586368133198,-0.016828848389297324
single_biome_sensitivity,Cerrado,net_cr_balance_ha,1985,1990,0,10387,0,5,2,29903,10384.999999999998,5.757774140752864,0.73767646166078815,-9.6283458501829385e-05,2850820257,9999,tested,0.0001,-9.9031046896392037e-05,0.0058522679989613394,-0.011309635696536813,0.011464915837518935,single_biome_sensitivity__Cerrado__primary,0.00041467814190168612,True,0.76026158674484057,-0.022585125084052415
single_biome_sensitivity,Cerrado,net_cr_balance_ha,1990,1995,0,10387,0,5,2,29903,10384.999999999998,5.757774140752864,0.68702314078546223,-9.6283458501829385e-05,3654756621,9999,tested,0.0001,-0.0001467333852009521,0.0058202925931134129,-0.011542270565331044,0.011400466554455185,single_biome_sensitivity__Cerrado__primary,0.00041467814190168612,True,0.73110887755743281,-0.044085736771970585
single_biome_sensitivity,Cerrado,net_cr_balance_ha,1995,2000,0,10387,0,5,2,29903,10384.999999999998,5.757774140752864,0.63682599126825223,-9.6283458501829385e-05,1448575782,9999,tested,0.0001,-0.00021125683581292308,0.0058163394151428032,-0.011656884438161774,0.010954620763310673,single_biome_sensitivity__Cerrado__primary,0.00041467814190168612,True,0.69855598507059335,-0.061729993802341121
single_biome_sensitivity,Cerrado,net_cr_balance_ha,2000,2005,0,10387,0,5,2,29903,10384.999999999998,5.757774140752864,0.66289897669857212,-9.6283458501829385e-05,3719002639,9999,tested,0.0001,-6.6575329408649655e-05,0.0058292867972799594,-0.011303850266990819,0.011602735991793749,single_biome_sensitivity__Cerrado__primary,0.00041467814190168612,True,0.68779287794243538,-0.024893901243863259
single_biome_sensitivity,Cerrado,net_cr_balance_ha,2005,2010,0,10387,0,5,2,29903,10384.999999999998,5.757774140752864,0.66155970319568225,-9.6283458501829385e-05,4150255581,9999,tested,0.0001,-4.704855282678263e-05,0.005845713464124355,-0.011460393892987445,0.011395155393708282,single_biome_sensitivity__Cerrado__primary,0.00041467814190168612,True,0.68230887868570567,-0.020749175490023419
single_biome_sensitivity,Cerrado,net_cr_balance_ha,2010,2015,0,10387,0,5,2,29903,10384.999999999998,5.757774140752864,0.65412084900821055,-9.6283458501829385e-05,822495157,9999,tested,0.0001,-2.8623313367600512e-05,0.0059127431893458817,-0.011496489289553919,0.011478357640052169,single_biome_sensitivity__Cerrado__primary,0.00041467814190168612,True,0.64827359221623304,0.0058472567919775065
single_biome_sensitivity,Cerrado,net_cr_balance_ha,2015,2020,0,10387,0,5,2,29903,10384.999999999998,5.757774140752864,0.60418009287328811,-9.6283458501829385e-05,3791295392,9999,tested,0.0001,2.0438224480303977e-05,0.0058508820583025901,-0.01124628328642243,0.011523211457346109,single_biome_sensitivity__Cerrado__primary,0.00041467814190168612,True,0.59737541863297616,0.0068046742403119476
single_biome_sensitivity,Cerrado,net_cr_balance_ha,2020,2025,1,10387,0,5,2,29903,10384.999999999998,5.757774140752864,0.60824532279467691,-9.6283458501829385e-05,3854768175,9999,tested,0.0001,-7.7984747016918867e-05,0.0058735549329162681,-0.011456505320463193,0.011619047637341218,single_biome_sensitivity__Cerrado__diagnostic,0.00022833333333333334,True,0.58197882989897032,0.026266492895706595
single_biome_sensitivity,Cerrado,cr_balance_index,1985,1990,0,9589,798,24,15,26683,9573.9999999999982,5.5653352800083429,0.77189084399551944,-0.00010429703796412182,3146970652,9999,tested,0.0001,-0.00017923920923368334,0.0063371266676280017,-0.012535400361776019,0.012513251338191679,single_biome_sensitivity__Cerrado__primary,0.00041467814190168612,True,0.75485654559563475,0.017034298399884684
single_biome_sensitivity,Cerrado,cr_balance_index,1990,1995,0,9783,604,15,6,27468,9777,5.615455381784729,0.78800148597161368,-0.00010222858311183807,2573761484,9999,tested,0.0001,2.209576489877625e-05,0.0061461839710260976,-0.011845410936945388,0.012206960717292544,single_biome_sensitivity__Cerrado__primary,0.00041467814190168612,True,0.78229498796587238,0.0057064980057413006
single_biome_sensitivity,Cerrado,cr_balance_index,1995,2000,0,9908,479,14,8,27940,9899.9999999999982,5.6398869600322969,0.7526315255555398,-0.00010093873019077419,3939199583,9999,tested,0.0001,-1.3335355734955473e-05,0.0060563028363041314,-0.011695895866611735,0.012156465968342389,single_biome_sensitivity__Cerrado__primary,0.00041467814190168612,True,0.7686953483093848,-0.016063822753844992
single_biome_sensitivity,Cerrado,cr_balance_index,2000,2005,0,10030,357,14,9,28396,10020.999999999998,5.6622133599202389,0.77635286622151389,-9.9710838568152355e-05,1455619656,9999,tested,0.0001,-8.2824445098185487e-05,0.0060231655632254277,-0.011765657674684965,0.011923125751298006,single_biome_sensitivity__Cerrado__primary,0.00041467814190168612,True,0.78573572846598938,-0.0093828622444754872
single_biome_sensitivity,Cerrado,cr_balance_index,2005,2010,0,10065,322,11,5,28527,10059.999999999998,5.6685543964232492,0.7803738769958386,-9.9364069952305253e-05,1416731007,9999,tested,0.0001,-0.0001115118184087456,0.0059857342713135475,-0.01168618626464081,0.011695911895643556,single_biome_sensitivity__Cerrado__primary,0.00041467814190168612,True,0.79934104028729058,-0.018967163291451983
single_biome_sensitivity,Cerrado,cr_balance_index,2010,2015,0,10137,250,9,3,28842,10133.999999999998,5.6904409588635687,0.75689631405866864,-9.8658247829518548e-05,395328704,9999,tested,0.0001,-0.00018470101101950414,0.0059979841198096176,-0.011655880750949458,0.011689168049158052,single_biome_sensitivity__Cerrado__primary,0.00041467814190168612,True,0.79068171682624055,-0.033785402767571915
single_biome_sensitivity,Cerrado,cr_balance_index,2015,2020,0,10177,210,9,4,29020,10172.999999999998,5.7030559103861647,0.72045587057777327,-9.8270440251572332e-05,686919494,9999,tested,0.0001,-0.00012888012808571356,0.0059121330623433839,-0.01176554142466214,0.011446242849901915,single_biome_sensitivity__Cerrado__primary,0.00041467814190168612,True,0.75868498339641555,-0.038229112818642275
single_biome_sensitivity,Cerrado,cr_balance_index,2020,2025,1,10264,123,10,4,29393,10259.999999999998,5.7273967264224472,0.72999626941622331,-9.7437396472766248e-05,2056059723,9999,tested,0.0001,-4.8996149281019312e-05,0.0058731771507144403,-0.011557262509291457,0.011535422834524193,single_biome_sensitivity__Cerrado__diagnostic,0.00022833333333333334,True,0.74695536396936923,-0.016959094553145926
