boundary_scope,primary_biome,metric,measure_type,t0,t1,diagnostic_interval,cells,supported_cells,undefined_cells,nonzero_cells,value_sum,value_mean,value_median,value_q90,contribution_to_combined_domain_sum
primary_assignment,Amazon,consolidation_ha,absolute_area,1985,1990,0,14213,14213,0,592,23258.480222945909,1.6364230087206015,0,0,0.016040287167058451
primary_assignment,Amazon,consolidation_rate_initial_pasture,relative_intensity,1985,1990,0,14213,6814,7399,592,26.807383707649869,0.0039341625634942571,0,0,
primary_assignment,Amazon,replenishment_ha,absolute_area,1985,1990,0,14213,14213,0,7770,5035829.9955495456,354.31154545483332,2.3234293907880783,1264.827687730959,0.30654892795358402
primary_assignment,Amazon,replenishment_rate_initial_native,relative_intensity,1985,1990,0,14213,14212,1,7770,333.88629334900781,0.023493265785885717,0.00012909020335572817,0.079407413608536564,
primary_assignment,Amazon,nat_tmp_endpoint_ha,absolute_area,1985,1990,0,14213,14213,0,887,80839.111024156155,5.6876881041410083,0,0,0.057660658786435934
primary_assignment,Amazon,nat_tmp_intensity_initial_native,relative_intensity,1985,1990,0,14213,14212,1,887,4.8034541645412592,0.00033798579823678999,0,0,
primary_assignment,Amazon,nat_tmp_pas_any_ha,trajectory_area,1985,1990,0,14213,14213,0,423,3377.4407036436246,0.23763038792961547,0,0,0.023263630749252733
primary_assignment,Amazon,nat_tmp_pas_any_share_endpoint,trajectory_share,1985,1990,0,14213,887,13326,423,98.195297619974781,0.11070495785791971,0,0.37636132820535456,
primary_assignment,Amazon,nat_tmp_pas_consecutive2_ha,trajectory_area,1985,1990,0,14213,14213,0,393,3074.9620694643722,0.21634855902795835,0,0,0.022014104351567202
primary_assignment,Amazon,nat_tmp_pas_consecutive2_share_endpoint,trajectory_share,1985,1990,0,14213,887,13326,393,84.194414918128331,0.094920422681091687,0,0.32983845711316429,
primary_assignment,Amazon,net_cr_balance_ha,signed_area,1985,1990,0,14213,14213,0,7774,-5012571.5153265996,-352.67512244611271,-2.1422948762774467,0,0.33467371701486126
primary_assignment,Amazon,cr_balance_index,bounded_index,1985,1990,0,14213,7774,6439,7774,-7637.8489544185722,-0.98248635894244563,-1,-1,
primary_assignment,Amazon,consolidation_ha,absolute_area,1990,1995,0,14213,14213,0,971,68392.305276828396,4.8119542163391538,0,0,0.041734776074469855
primary_assignment,Amazon,consolidation_rate_initial_pasture,relative_intensity,1990,1995,0,14213,7962,6251,971,46.205935097248492,0.0058033075982477384,0,0.00067542535198058867,
primary_assignment,Amazon,replenishment_ha,absolute_area,1990,1995,0,14213,14213,0,8656,7941973.5020134747,558.78234728864243,8.1826316267251968,2098.9887436762519,0.47122971218946902
primary_assignment,Amazon,replenishment_rate_initial_native,relative_intensity,1990,1995,0,14213,14212,1,8656,571.73407550382979,0.040228966753717267,0.00045595868288855225,0.14550113749723037,
primary_assignment,Amazon,nat_tmp_endpoint_ha,absolute_area,1990,1995,0,14213,14213,0,1111,125653.73271778844,8.8407607625264504,0,0,0.10638715944248153
primary_assignment,Amazon,nat_tmp_intensity_initial_native,relative_intensity,1990,1995,0,14213,14212,1,1111,8.3578393928731298,0.00058808326715966298,0,0,
primary_assignment,Amazon,nat_tmp_pas_any_ha,trajectory_area,1990,1995,0,14213,14213,0,614,7250.9991891730942,0.51016669170288431,0,0,0.070145535517082608
primary_assignment,Amazon,nat_tmp_pas_any_share_endpoint,trajectory_share,1990,1995,0,14213,1111,13102,614,152.25824984955077,0.13704612947754344,0.0073976185407126239,0.49999999999999967,
primary_assignment,Amazon,nat_tmp_pas_consecutive2_ha,trajectory_area,1990,1995,0,14213,14213,0,567,6507.6508144927366,0.45786609544028262,0,0,0.066239570438392459
primary_assignment,Amazon,nat_tmp_pas_consecutive2_share_endpoint,trajectory_share,1990,1995,0,14213,1111,13102,567,130.06883168556345,0.11707365588259537,0.00070439354683927676,0.42374203686014872,
primary_assignment,Amazon,net_cr_balance_ha,signed_area,1990,1995,0,14213,14213,0,8658,-7873581.196736645,-553.97039307230318,-7.4144118949770927,0,0.51748865756713391
primary_assignment,Amazon,cr_balance_index,bounded_index,1990,1995,0,14213,8658,5555,8658,-8425.7897115734213,-0.97317968486641504,-1,-0.99889830954392766,
primary_assignment,Amazon,consolidation_ha,absolute_area,1995,2000,0,14213,14213,0,1512,138805.50018544731,9.7660944336485827,0,0.53182728588581363,0.076707186782352332
primary_assignment,Amazon,consolidation_rate_initial_pasture,relative_intensity,1995,2000,0,14213,8857,5356,1512,70.671405259315051,0.0079791583221536701,0,0.0021770554365768834,
primary_assignment,Amazon,replenishment_ha,absolute_area,1995,2000,0,14213,14213,0,9270,8955357.141122546,630.08211785847789,24.176054187586491,2250.064818293517,0.57235436864136036
primary_assignment,Amazon,replenishment_rate_initial_native,relative_intensity,1995,2000,0,14213,14213,0,9270,720.40407451664828,0.050686278373084377,0.0014061067347973567,0.18363692275340007,
primary_assignment,Amazon,nat_tmp_endpoint_ha,absolute_area,1995,2000,0,14213,14213,0,1548,300325.39547258185,21.130331068217959,0,0.53547957247378808,0.24522112034061422
primary_assignment,Amazon,nat_tmp_intensity_initial_native,relative_intensity,1995,2000,0,14213,14213,0,1548,20.329713548886556,0.001430360483281964,0,3.8634251118095315e-05,
primary_assignment,Amazon,nat_tmp_pas_any_ha,trajectory_area,1995,2000,0,14213,14213,0,960,16575.434041733806,1.1662164245221844,0,0,0.20960561378935591
primary_assignment,Amazon,nat_tmp_pas_any_share_endpoint,trajectory_share,1995,2000,0,14213,1548,12665,960,353.18996173158786,0.22815889000748571,0.029722581418817506,0.95718587374002428,
primary_assignment,Amazon,nat_tmp_pas_consecutive2_ha,trajectory_area,1995,2000,0,14213,14213,0,911,15697.617894937126,1.1044549282302909,0,0,0.20844875115319297
primary_assignment,Amazon,nat_tmp_pas_consecutive2_share_endpoint,trajectory_share,1995,2000,0,14213,1548,12665,911,325.70330954705332,0.21040265474615849,0.01630768262232864,0.87499740654981151,
primary_assignment,Amazon,net_cr_balance_ha,signed_area,1995,2000,0,14213,14213,0,9272,-8816551.6409370974,-620.31602342482915,-21.068755849407001,0,0.63717333452678682
primary_assignment,Amazon,cr_balance_index,bounded_index,1995,2000,0,14213,9272,4941,9272,-8948.5084414752964,-0.96511091905471269,-1,-0.9891150141704127,
primary_assignment,Amazon,consolidation_ha,absolute_area,2000,2005,0,14213,14213,0,2319,663322.40078996669,46.670118960808182,0,10.656120730936786,0.18928917839417511
primary_assignment,Amazon,consolidation_rate_initial_pasture,relative_intensity,2000,2005,0,14213,9436,4777,2319,232.80301662373958,0.024671790655334844,0,0.015151361491920879,
primary_assignment,Amazon,replenishment_ha,absolute_area,2000,2005,0,14213,14213,0,10085,10582774.599063933,744.58415528487535,78.158466084272249,2405.6080683329174,0.62524490351693363
primary_assignment,Amazon,replenishment_rate_initial_native,relative_intensity,2000,2005,0,14213,14213,0,10085,870.7792124503311,0.061266390800698733,0.0046856911131684742,0.21157236462241874,
primary_assignment,Amazon,nat_tmp_endpoint_ha,absolute_area,2000,2005,0,14213,14213,0,2295,890995.43865412788,62.688766527413485,0,6.3735444664955514,0.38826938469976752
primary_assignment,Amazon,nat_tmp_intensity_initial_native,relative_intensity,2000,2005,0,14213,14213,0,2295,62.820618131902975,0.0044199407677410103,0,0.0005253808805222714,
primary_assignment,Amazon,nat_tmp_pas_any_ha,trajectory_area,2000,2005,0,14213,14213,0,1521,50544.833878070029,3.5562396311876472,0,0.17573734968900706,0.3198237530302519
primary_assignment,Amazon,nat_tmp_pas_any_share_endpoint,trajectory_share,2000,2005,0,14213,2295,11918,1521,535.54533748456595,0.23335308822856904,0.02849929585647094,1,
primary_assignment,Amazon,nat_tmp_pas_consecutive2_ha,trajectory_area,2000,2005,0,14213,14213,0,1445,47969.973440579313,3.3750772842172174,0,0.087529073655605333,0.31940948790200574
primary_assignment,Amazon,nat_tmp_pas_consecutive2_share_endpoint,trajectory_share,2000,2005,0,14213,2295,11918,1445,496.23026886879649,0.21622233937638191,0.018967305748443217,0.90029802564561467,
primary_assignment,Amazon,net_cr_balance_ha,signed_area,2000,2005,0,14213,14213,0,10088,-9919452.1982739661,-697.91403632406718,-52.456540875136852,0,0.7390703472988861
primary_assignment,Amazon,cr_balance_index,bounded_index,2000,2005,0,14213,10088,4125,10088,-9254.9611518416896,-0.91742279459176146,-1,-0.90812289419585679,
primary_assignment,Amazon,consolidation_ha,absolute_area,2005,2010,0,14213,14213,0,3029,797810.82120767992,56.132471765825649,0,36.600667254328982,0.28232176903787704
primary_assignment,Amazon,consolidation_rate_initial_pasture,relative_intensity,2005,2010,0,14213,10248,3965,3029,246.29631006116409,0.024033597781144039,0,0.027016133410316095,
primary_assignment,Amazon,replenishment_ha,absolute_area,2005,2010,0,14213,14213,0,10290,5878892.9345521145,413.62787128348094,56.90398529969594,1341.7811076161504,0.58449614360777302
primary_assignment,Amazon,replenishment_rate_initial_native,relative_intensity,2005,2010,0,14213,14213,0,10290,548.24560456324093,0.038573531595246673,0.0037814943612139535,0.12770578079663544,
primary_assignment,Amazon,nat_tmp_endpoint_ha,absolute_area,2005,2010,0,14213,14213,0,2303,153863.09185809569,10.82551831830688,0,3.3964339092373854,0.16277930930631218
primary_assignment,Amazon,nat_tmp_intensity_initial_native,relative_intensity,2005,2010,0,14213,14213,0,2303,14.237907029015863,0.0010017524118072091,0,0.00029604372577211814,
primary_assignment,Amazon,nat_tmp_pas_any_ha,trajectory_area,2005,2010,0,14213,14213,0,1435,20626.854050976297,1.4512667312303031,0,0.086494958400726282,0.25664317613851317
primary_assignment,Amazon,nat_tmp_pas_any_share_endpoint,trajectory_share,2005,2010,0,14213,2303,11910,1435,513.12908393581426,0.22280898130083121,0.033118095391589816,0.92519912415815997,
primary_assignment,Amazon,nat_tmp_pas_consecutive2_ha,trajectory_area,2005,2010,0,14213,14213,0,1359,19689.102460021568,1.3852882895955512,0,0,0.25711116784151555
primary_assignment,Amazon,nat_tmp_pas_consecutive2_share_endpoint,trajectory_share,2005,2010,0,14213,2303,11910,1359,470.94713898404399,0.20449289578117411,0.020404760147901282,0.85714309788710485,
primary_assignment,Amazon,net_cr_balance_ha,signed_area,2005,2010,0,14213,14213,0,10299,-5081082.1133444356,-357.49539951765536,-31.033338293696151,0,0.70256765619116734
primary_assignment,Amazon,cr_balance_index,bounded_index,2005,2010,0,14213,10299,3914,10299,-8540.8758676364087,-0.82929176304849095,-1,-0.3348554199396071,
primary_assignment,Amazon,consolidation_ha,absolute_area,2010,2015,0,14213,14213,0,3938,1883562.0844541395,132.52389252474069,0,192.89216980107312,0.37864124635769608
primary_assignment,Amazon,consolidation_rate_initial_pasture,relative_intensity,2010,2015,0,14213,10507,3706,3938,461.83509917798261,0.043954991831919921,0,0.11536597576070963,
primary_assignment,Amazon,replenishment_ha,absolute_area,2010,2015,0,14213,14213,0,10424,4277393.6272708606,300.94938628515166,42.010054180347453,934.3709849432347,0.49179188919591921
primary_assignment,Amazon,replenishment_rate_initial_native,relative_intensity,2010,2015,0,14213,14212,1,10424,424.12634609924555,0.029842833246499126,0.0028910549442376652,0.095006371466706666,
primary_assignment,Amazon,nat_tmp_endpoint_ha,absolute_area,2010,2015,0,14213,14213,0,3064,243498.5384652222,17.132100081982845,0,11.964873428409035,0.17872635012916543
primary_assignment,Amazon,nat_tmp_intensity_initial_native,relative_intensity,2010,2015,0,14213,14212,1,3064,23.202897064463045,0.0016326271506095585,0,0.0011261372304361575,
primary_assignment,Amazon,nat_tmp_pas_any_ha,trajectory_area,2010,2015,0,14213,14213,0,1983,22538.974146358407,1.5857999117961308,0,0.59764723592531244,0.16809965514778019
primary_assignment,Amazon,nat_tmp_pas_any_share_endpoint,trajectory_share,2010,2015,0,14213,3064,11149,1983,597.48422020677242,0.19500137735207976,0.028134677091901858,0.7594128098809152,
primary_assignment,Amazon,nat_tmp_pas_consecutive2_ha,trajectory_area,2010,2015,0,14213,14213,0,1854,20719.535075119224,1.4577875941123777,0,0.43451652973890448,0.16299258004768202
primary_assignment,Amazon,nat_tmp_pas_consecutive2_share_endpoint,trajectory_share,2010,2015,0,14213,3064,11149,1854,520.99890177384282,0.17003880606195915,0.01575007380651218,0.66665116077142916,
primary_assignment,Amazon,net_cr_balance_ha,signed_area,2010,2015,0,14213,14213,0,10448,-2393831.5428167214,-168.425493760411,-12.539940764360569,10.843262551263448,0.64297785313566636
primary_assignment,Amazon,cr_balance_index,bounded_index,2010,2015,0,14213,10448,3765,10448,-7433.3856104412716,-0.71146493208664541,-1,0.5381146230146453,
primary_assignment,Amazon,consolidation_ha,absolute_area,2015,2020,0,14213,14213,0,4344,1526972.9958883692,107.43495362614291,0,240.17640817854942,0.38988450665964119
primary_assignment,Amazon,consolidation_rate_initial_pasture,relative_intensity,2015,2020,0,14213,10727,3486,4344,389.02881830726341,0.03626632034187223,0,0.10724928407436649,
primary_assignment,Amazon,replenishment_ha,absolute_area,2015,2020,0,14213,14213,0,10710,5142163.4106208626,361.79296493497941,57.948402113335959,1074.633288999019,0.5702929541106464
primary_assignment,Amazon,replenishment_rate_initial_native,relative_intensity,2015,2020,0,14213,14212,1,10710,501.77822889267486,0.03530665837972663,0.0041505125622399476,0.11176904733126536,
primary_assignment,Amazon,nat_tmp_endpoint_ha,absolute_area,2015,2020,0,14213,14213,0,3367,247587.18783993358,17.419769776960077,0,13.045865188539056,0.33431030150111152
primary_assignment,Amazon,nat_tmp_intensity_initial_native,relative_intensity,2015,2020,0,14213,14212,1,3367,23.555064124268739,0.0016574067073085238,0,0.0013323803173769619,
primary_assignment,Amazon,nat_tmp_pas_any_ha,trajectory_area,2015,2020,0,14213,14213,0,2125,17546.713370049732,1.2345538148209199,0,0.6043432340025906,0.21496819137636097
primary_assignment,Amazon,nat_tmp_pas_any_share_endpoint,trajectory_share,2015,2020,0,14213,3367,10846,2125,540.2210688312806,0.16044581788870824,0.019680717734011977,0.60000045880477137,
primary_assignment,Amazon,nat_tmp_pas_consecutive2_ha,trajectory_area,2015,2020,0,14213,14213,0,1938,16065.925868512339,1.1303683858799929,0,0.35749956816434858,0.21098967408726046
primary_assignment,Amazon,nat_tmp_pas_consecutive2_share_endpoint,trajectory_share,2015,2020,0,14213,3367,10846,1938,445.98857771962173,0.13245874004146768,0.0079622922753327004,0.48192314069530956,
primary_assignment,Amazon,net_cr_balance_ha,signed_area,2015,2020,0,14213,14213,0,10754,-3615190.4147324935,-254.35801130883652,-16.279561560411079,25.098084363674612,0.70882890529040288
primary_assignment,Amazon,cr_balance_index,bounded_index,2015,2020,0,14213,10754,3459,10754,-7518.4711644168801,-0.69913252412282689,-1,0.48147331027866397,
primary_assignment,Amazon,consolidation_ha,absolute_area,2020,2025,1,14213,14213,0,4182,1003345.2298548507,70.593486938355781,0,133.05752142598831,0.48091471282758591
primary_assignment,Amazon,consolidation_rate_initial_pasture,relative_intensity,2020,2025,1,14213,11019,3194,4182,326.7536627425153,0.029653658475589009,0,0.080907651395733818,
primary_assignment,Amazon,replenishment_ha,absolute_area,2020,2025,1,14213,14213,0,11474,5078283.9678012468,357.29852724978872,82.030287085356662,1041.0271180846823,0.50587822842223307
primary_assignment,Amazon,replenishment_rate_initial_native,relative_intensity,2020,2025,1,14213,14212,1,11474,505.68679364290858,0.035581677008366772,0.0062024708624618605,0.11403063095970063,
primary_assignment,Amazon,nat_tmp_endpoint_ha,absolute_area,2020,2025,1,14213,14213,0,3412,194866.41413790412,13.710435104334351,0,14.615257760707097,0.28578494219384093
primary_assignment,Amazon,nat_tmp_intensity_initial_native,relative_intensity,2020,2025,1,14213,14212,1,3412,19.340101160228219,0.001360828958642571,0,0.0014376883035317417,
primary_assignment,Amazon,nat_tmp_pas_any_ha,trajectory_area,2020,2025,1,14213,14213,0,1878,14162.317632348222,0.99643408375066644,0,0.2630217760801315,0.28042444841475783
primary_assignment,Amazon,nat_tmp_pas_any_share_endpoint,trajectory_share,2020,2025,1,14213,3412,10801,1878,363.77718914664058,0.10661699564672936,0.0038899656905384879,0.36708536438039147,
primary_assignment,Amazon,nat_tmp_pas_consecutive2_ha,trajectory_area,2020,2025,1,14213,14213,0,1717,13145.653477472388,0.92490350224951723,0,0.17523390948772424,0.27809620689636544
primary_assignment,Amazon,nat_tmp_pas_consecutive2_share_endpoint,trajectory_share,2020,2025,1,14213,3412,10801,1717,315.95213716845018,0.092600274668361723,0.00039026947083166332,0.30874773754199331,
primary_assignment,Amazon,net_cr_balance_ha,signed_area,2020,2025,1,14213,14213,0,11506,-4074938.7379463958,-286.70504031143292,-41.425681917719984,0,0.51242759804058347
primary_assignment,Amazon,cr_balance_index,bounded_index,2020,2025,1,14213,11506,2707,11506,-8870.7194928909448,-0.77096466998878366,-1,0.11919827197278961,
primary_assignment,Cerrado,consolidation_ha,absolute_area,1985,1990,0,10676,10676,0,4343,1426745.4991765805,133.64045514954856,0,361.12775294631717,0.98395971283294159
primary_assignment,Cerrado,consolidation_rate_initial_pasture,relative_intensity,1985,1990,0,10676,9607,1069,4343,383.3666637220644,0.039904930126164716,0,0.11389122163567564,
primary_assignment,Cerrado,replenishment_ha,absolute_area,1985,1990,0,10676,10676,0,9842,11391661.789096473,1067.0346374200517,681.04242267180598,2683.6197544011707,0.69345107204641598
primary_assignment,Cerrado,replenishment_rate_initial_native,relative_intensity,1985,1990,0,10676,10673,3,9842,1051.7096721380371,0.09853927406896254,0.057046459062635377,0.2601741866440625,
primary_assignment,Cerrado,nat_tmp_endpoint_ha,absolute_area,1985,1990,0,10676,10676,0,4619,1321141.2465636539,123.74871174256781,0,247.86256146387143,0.942339341213564
primary_assignment,Cerrado,nat_tmp_intensity_initial_native,relative_intensity,1985,1990,0,10676,10673,3,4619,117.34982738380353,0.010995018025279071,0,0.02851807561001702,
primary_assignment,Cerrado,nat_tmp_pas_any_ha,trajectory_area,1985,1990,0,10676,10676,0,3842,141803.71094234841,13.282475734577408,0,30.907559914127283,0.97673636925074725
primary_assignment,Cerrado,nat_tmp_pas_any_share_endpoint,trajectory_share,1985,1990,0,10676,4619,6057,3842,1465.5528347767217,0.31728790534243811,0.16493538462608806,0.97738598205895311,
primary_assignment,Cerrado,nat_tmp_pas_consecutive2_ha,trajectory_area,1985,1990,0,10676,10676,0,3785,136606.49034653924,12.795662265505737,0,29.396625485271215,0.97798589564843275
primary_assignment,Cerrado,nat_tmp_pas_consecutive2_share_endpoint,trajectory_share,1985,1990,0,10676,4619,6057,3785,1401.3154177591614,0.30338069230551229,0.14469474898080481,0.95578384476812628,
primary_assignment,Cerrado,net_cr_balance_ha,signed_area,1985,1990,0,10676,10676,0,9852,-9964916.2899198923,-933.39418227050317,-556.12094228498484,0,0.66532628298513885
primary_assignment,Cerrado,cr_balance_index,bounded_index,1985,1990,0,10676,9852,824,9852,-8067.0075315667937,-0.81881927847815605,-1,-0.31407655038209825,
primary_assignment,Cerrado,consolidation_ha,absolute_area,1990,1995,0,10676,10676,0,5424,1570344.3002530998,147.09107345945108,0.34729852899909014,478.74313633034342,0.95826522392553004
primary_assignment,Cerrado,consolidation_rate_initial_pasture,relative_intensity,1990,1995,0,10676,9909,767,5424,452.20078818700313,0.045635360600161788,0.00034223635694360574,0.13595591266960708,
primary_assignment,Cerrado,replenishment_ha,absolute_area,1990,1995,0,10676,10676,0,10034,8911746.2371616662,834.74580715264767,538.10755716283234,2116.5057665752429,0.52877028781053093
primary_assignment,Cerrado,replenishment_rate_initial_native,relative_intensity,1990,1995,0,10676,10672,4,10034,852.26686037947911,0.079860088116517902,0.054902307368758466,0.19233598453652179,
primary_assignment,Cerrado,nat_tmp_endpoint_ha,absolute_area,1990,1995,0,10676,10676,0,5059,1055444.9391169776,98.861459265359457,0,170.32015656536703,0.89361284055751833
primary_assignment,Cerrado,nat_tmp_intensity_initial_native,relative_intensity,1990,1995,0,10676,10672,4,5059,99.669756388784151,0.0093393699764602843,0,0.020782805649861274,
primary_assignment,Cerrado,nat_tmp_pas_any_ha,trajectory_area,1990,1995,0,10676,10676,0,4157,96119.78750055503,9.0033521450501155,0,17.785485842078923,0.92985446448291742
primary_assignment,Cerrado,nat_tmp_pas_any_share_endpoint,trajectory_share,1990,1995,0,10676,5059,5617,4157,1410.2756203556469,0.27876568894161829,0.11515244436057305,0.94260082035679871,
primary_assignment,Cerrado,nat_tmp_pas_consecutive2_ha,trajectory_area,1990,1995,0,10676,10676,0,4022,91736.507041955279,8.5927788536863314,0,16.547599293291569,0.93376042956160743
primary_assignment,Cerrado,nat_tmp_pas_consecutive2_share_endpoint,trajectory_share,1990,1995,0,10676,5059,5617,4022,1325.6967764446199,0.26204719834841272,0.095824065675991263,0.90755995772970011,
primary_assignment,Cerrado,net_cr_balance_ha,signed_area,1990,1995,0,10676,10676,0,10055,-7341401.9369085655,-687.65473369319648,-423.07810864283465,39.04408039110254,0.48251134243286603
primary_assignment,Cerrado,cr_balance_index,bounded_index,1990,1995,0,10676,10055,621,10055,-7226.2181061508309,-0.71866913039789471,-0.99732231200244947,0.22936523004817153,
primary_assignment,Cerrado,consolidation_ha,absolute_area,1995,2000,0,10676,10676,0,6185,1670744.6346577411,156.49537604512375,2.9146816767752171,509.74392293202231,0.92329281321764756
primary_assignment,Cerrado,consolidation_rate_initial_pasture,relative_intensity,1995,2000,0,10676,10092,584,6185,456.95803586911632,0.045279234628330986,0.0011324404389362244,0.13835925520912656,
primary_assignment,Cerrado,replenishment_ha,absolute_area,1995,2000,0,10676,10676,0,10151,6691168.2141054319,626.74861503422926,414.01221474176828,1549.6330598240972,0.42764563135863964
primary_assignment,Cerrado,replenishment_rate_initial_native,relative_intensity,1995,2000,0,10676,10672,4,10151,669.43783944263828,0.062728433231131767,0.045096796480042473,0.15080153643461652,
primary_assignment,Cerrado,nat_tmp_endpoint_ha,absolute_area,1995,2000,0,10676,10676,0,5440,924387.20291791297,86.585537927867463,0.08660673722624776,115.99756027585735,0.75477887965938584
primary_assignment,Cerrado,nat_tmp_intensity_initial_native,relative_intensity,1995,2000,0,10676,10672,4,5440,88.352096695801464,0.0082788696304161788,1.1953611150289078e-05,0.015016763221987564,
primary_assignment,Cerrado,nat_tmp_pas_any_ha,trajectory_area,1995,2000,0,10676,10676,0,4074,62503.717237064302,5.8546007153488482,0,9.7831081808051632,0.79039438621064417
primary_assignment,Cerrado,nat_tmp_pas_any_share_endpoint,trajectory_share,1995,2000,0,10676,5440,5236,4074,1380.9382691746644,0.25384894653946039,0.08452609759453153,0.92307737115639721,
primary_assignment,Cerrado,nat_tmp_pas_consecutive2_ha,trajectory_area,1995,2000,0,10676,10676,0,3898,59609.227591513612,5.5834795421050591,0,9.115446635773953,0.79155124884680683
primary_assignment,Cerrado,nat_tmp_pas_consecutive2_share_endpoint,trajectory_share,1995,2000,0,10676,5440,5236,3898,1278.0289005154978,0.2349317831829959,0.064168039502524976,0.86944157123868338,
primary_assignment,Cerrado,net_cr_balance_ha,signed_area,1995,2000,0,10676,10676,0,10181,-5020423.5794476913,-470.25323898910557,-310.16484654690419,181.67381871084081,0.36282666547321313
primary_assignment,Cerrado,cr_balance_index,bounded_index,1995,2000,0,10676,10181,495,10181,-6562.0833998319667,-0.64454212747588324,-0.98674282933184521,0.47565497442829008,
primary_assignment,Cerrado,consolidation_ha,absolute_area,2000,2005,0,10676,10676,0,6623,2840958.2264346201,266.10699011189774,5.8689637705683708,910.65611037563758,0.81071082160582486
primary_assignment,Cerrado,consolidation_rate_initial_pasture,relative_intensity,2000,2005,0,10676,10209,467,6623,697.37790967899673,0.068310109675678007,0.0021617465309477996,0.2272065079785964,
primary_assignment,Cerrado,replenishment_ha,absolute_area,2000,2005,0,10676,10676,0,10276,6343032.4559588181,594.1394207529803,384.59522706950997,1473.0911265019545,0.37475509648306649
primary_assignment,Cerrado,replenishment_rate_initial_native,relative_intensity,2000,2005,0,10676,10673,3,10276,634.09456729043643,0.059411090348583946,0.04132549255351415,0.14282990885424562,
primary_assignment,Cerrado,nat_tmp_endpoint_ha,absolute_area,2000,2005,0,10676,10676,0,5973,1403791.3093226601,131.49038116547959,0.94948395757990722,256.22724972539675,0.61173061530023254
primary_assignment,Cerrado,nat_tmp_intensity_initial_native,relative_intensity,2000,2005,0,10676,10673,3,5973,129.7836854688903,0.012160000512404226,8.9378282377813918e-05,0.027486909291555343,
primary_assignment,Cerrado,nat_tmp_pas_any_ha,trajectory_area,2000,2005,0,10676,10676,0,4436,107494.81577011925,10.068828753289552,0,18.482056576933928,0.6801762469697481
primary_assignment,Cerrado,nat_tmp_pas_any_share_endpoint,trajectory_share,2000,2005,0,10676,5973,4703,4436,1269.1573346536984,0.21248239321173587,0.065788549099885615,0.75000064751088247,
primary_assignment,Cerrado,nat_tmp_pas_consecutive2_ha,trajectory_area,2000,2005,0,10676,10676,0,4196,102213.33437429817,9.5741227401927844,0,17.079935340086621,0.68059051209799426
primary_assignment,Cerrado,nat_tmp_pas_consecutive2_share_endpoint,trajectory_share,2000,2005,0,10676,5973,4703,4196,1149.8875389720081,0.19251423722953426,0.047471898874097015,0.67278459679826208,
primary_assignment,Cerrado,net_cr_balance_ha,signed_area,2000,2005,0,10676,10676,0,10306,-3502074.2295241975,-328.03243064108256,-242.3802219347042,590.14009649643992,0.26092965270111396
primary_assignment,Cerrado,cr_balance_index,bounded_index,2000,2005,0,10676,10306,370,10306,-5518.549216749263,-0.53546955334264146,-0.97017620022261175,0.74566167572900044,
primary_assignment,Cerrado,consolidation_ha,absolute_area,2005,2010,0,10676,10676,0,7458,2028081.1527854539,189.9663874845873,17.775407514662717,592.40283346573506,0.71767823096212302
primary_assignment,Cerrado,consolidation_rate_initial_pasture,relative_intensity,2005,2010,0,10676,10319,357,7458,584.93928334142618,0.05668565591059465,0.0050498178735613741,0.16532326529208619,
primary_assignment,Cerrado,replenishment_ha,absolute_area,2005,2010,0,10676,10676,0,10301,4179159.6272063665,391.45369306916132,241.9427708623748,970.31478813001331,0.41550385639222698
primary_assignment,Cerrado,replenishment_rate_initial_native,relative_intensity,2005,2010,0,10676,10672,4,10301,424.6006279323579,0.039786415660828141,0.027679411624423021,0.094859123253939567,
primary_assignment,Cerrado,nat_tmp_endpoint_ha,absolute_area,2005,2010,0,10676,10676,0,6496,791362.02620996127,74.125330293177342,1.3742988966405392,92.428417096798313,0.83722069069368776
primary_assignment,Cerrado,nat_tmp_intensity_initial_native,relative_intensity,2005,2010,0,10676,10672,4,6496,70.842691349396745,0.0066381832223947473,0.00014595365586746715,0.012024560258539608,
primary_assignment,Cerrado,nat_tmp_pas_any_ha,trajectory_area,2005,2010,0,10676,10676,0,4803,59744.868125045061,5.5961847250885217,0,9.6053416579961777,0.74335682386148672
primary_assignment,Cerrado,nat_tmp_pas_any_share_endpoint,trajectory_share,2005,2010,0,10676,6496,4180,4803,1514.362362562134,0.23312228487717579,0.070640550032972704,0.8333342449020984,
primary_assignment,Cerrado,nat_tmp_pas_consecutive2_ha,trajectory_area,2005,2010,0,10676,10676,0,4513,56889.066529347328,5.3286873856638559,0,8.8119045650111687,0.74288883215848456
primary_assignment,Cerrado,nat_tmp_pas_consecutive2_share_endpoint,trajectory_share,2005,2010,0,10676,6496,4180,4513,1378.1369969049929,0.21215163129695089,0.049549034134609267,0.77300024547026602,
primary_assignment,Cerrado,net_cr_balance_ha,signed_area,2005,2010,0,10676,10676,0,10343,-2151078.4744209121,-201.48730558457402,-136.66426869201308,404.84695318206849,0.29743234380883266
primary_assignment,Cerrado,cr_balance_index,bounded_index,2005,2010,0,10676,10343,333,10343,-4698.7233690602106,-0.45429018360825785,-0.87865387923841876,0.79105699510906069,
primary_assignment,Cerrado,consolidation_ha,absolute_area,2010,2015,0,10676,10676,0,8042,3090967.5067430381,289.5248694963505,38.727678265758591,901.95367548359081,0.62135875364230408
primary_assignment,Cerrado,consolidation_rate_initial_pasture,relative_intensity,2010,2015,0,10676,10367,309,8042,779.2167920219556,0.075163190124621929,0.01307225099011809,0.22234862478156367,
primary_assignment,Cerrado,replenishment_ha,absolute_area,2010,2015,0,10676,10676,0,10381,4420174.8386597363,414.02911564815815,221.3163852676457,1101.9347864692554,0.5082081108040809
primary_assignment,Cerrado,replenishment_rate_initial_native,relative_intensity,2010,2015,0,10676,10671,5,10381,425.43283875679373,0.039868132204741238,0.024827577771969138,0.098024725224732115,
primary_assignment,Cerrado,nat_tmp_endpoint_ha,absolute_area,2010,2015,0,10676,10676,0,7188,1118911.3036719104,104.80622926863155,3.4938027337193489,163.73632008408509,0.82127364987083451
primary_assignment,Cerrado,nat_tmp_intensity_initial_native,relative_intensity,2010,2015,0,10676,10671,5,7188,96.593276814490963,0.0090519423497789301,0.00042015015075176106,0.016775322335465349,
primary_assignment,Cerrado,nat_tmp_pas_any_ha,trajectory_area,2010,2015,0,10676,10676,0,5602,111542.05134143269,10.44792537855308,0.085489414632320349,19.381563983857632,0.83190034485221986
primary_assignment,Cerrado,nat_tmp_pas_any_share_endpoint,trajectory_share,2010,2015,0,10676,7188,3488,5602,1796.717921840539,0.24996075707297427,0.10586688432583967,0.79668485295490066,
primary_assignment,Cerrado,nat_tmp_pas_consecutive2_ha,trajectory_area,2010,2015,0,10676,10676,0,5248,106399.9636717434,9.9662761026361384,0,18.173773113638163,0.83700741995231787
primary_assignment,Cerrado,nat_tmp_pas_consecutive2_share_endpoint,trajectory_share,2010,2015,0,10676,7188,3488,5248,1612.0159191132886,0.22426487466795891,0.080006606707493072,0.72023070877761808,
primary_assignment,Cerrado,net_cr_balance_ha,signed_area,2010,2015,0,10676,10676,0,10412,-1329207.3319166985,-124.50424615180765,-89.486865990769644,683.29323469477833,0.35702214686433364
primary_assignment,Cerrado,cr_balance_index,bounded_index,2010,2015,0,10676,10412,264,10412,-3564.9628524250902,-0.3423898244741731,-0.737416002381446,0.86425525568492556,
primary_assignment,Cerrado,consolidation_ha,absolute_area,2015,2020,0,10676,10676,0,8501,2389502.1904964428,223.81998786965556,46.102964931755672,676.84638742557627,0.61011549334035853
primary_assignment,Cerrado,consolidation_rate_initial_pasture,relative_intensity,2015,2020,0,10676,10433,243,8501,618.46145990531988,0.059279350129907017,0.016397724584602681,0.16130505862034067,
primary_assignment,Cerrado,replenishment_ha,absolute_area,2015,2020,0,10676,10676,0,10414,3874541.7293539094,362.92073148687797,211.81988312720375,912.77953848787683,0.42970704588935349
primary_assignment,Cerrado,replenishment_rate_initial_native,relative_intensity,2015,2020,0,10676,10672,4,10414,390.44634890792702,0.036586052184026142,0.024963117864691256,0.08625820827947997,
primary_assignment,Cerrado,nat_tmp_endpoint_ha,absolute_area,2015,2020,0,10676,10676,0,7324,493003.77429382043,46.17869747975088,3.1969209425151348,95.359164438528168,0.66568969849888848
primary_assignment,Cerrado,nat_tmp_intensity_initial_native,relative_intensity,2015,2020,0,10676,10672,4,7324,50.732956452379341,0.0047538377485362949,0.00039074383143135533,0.010759781777039158,
primary_assignment,Cerrado,nat_tmp_pas_any_ha,trajectory_area,2015,2020,0,10676,10676,0,5231,64077.983091806716,6.002059113132888,0,10.551203850656748,0.78503180862363897
primary_assignment,Cerrado,nat_tmp_pas_any_share_endpoint,trajectory_share,2015,2020,0,10676,7324,3352,5231,1198.7919125554986,0.16367994436858255,0.048359659177875283,0.52459474238020909,
primary_assignment,Cerrado,nat_tmp_pas_consecutive2_ha,trajectory_area,2015,2020,0,10676,10676,0,4785,60079.62930149016,5.6275411485097564,0,9.3525819070637226,0.78901032591273956
primary_assignment,Cerrado,nat_tmp_pas_consecutive2_share_endpoint,trajectory_share,2015,2020,0,10676,7324,3352,4785,1012.075093654296,0.1381861132788498,0.02835651319501472,0.46094881968086049,
primary_assignment,Cerrado,net_cr_balance_ha,signed_area,2015,2020,0,10676,10676,0,10452,-1485039.5388574661,-139.10074361722238,-85.443859187981076,451.99805375466156,0.29117109470959707
primary_assignment,Cerrado,cr_balance_index,bounded_index,2015,2020,0,10676,10452,224,10452,-3576.2130792770963,-0.34215586292356454,-0.65938307628356863,0.78807423697666157,
primary_assignment,Cerrado,consolidation_ha,absolute_area,2020,2025,1,10676,10676,0,8281,1082981.5201744479,101.44075685410715,13.97067614443162,267.74847350295852,0.5190852871724142
primary_assignment,Cerrado,consolidation_rate_initial_pasture,relative_intensity,2020,2025,1,10676,10479,197,8281,431.29819013697414,0.04115833477783893,0.0044198233572314803,0.096988535102961612,
primary_assignment,Cerrado,replenishment_ha,absolute_area,2020,2025,1,10676,10676,0,10495,4960266.1861354811,464.61841383809303,277.82497857251008,1171.5552851376726,0.49412177157776699
primary_assignment,Cerrado,replenishment_rate_initial_native,relative_intensity,2020,2025,1,10676,10672,4,10495,479.14429945135862,0.044897329408860438,0.032047111772263909,0.10237848818524868,
primary_assignment,Cerrado,nat_tmp_endpoint_ha,absolute_area,2020,2025,1,10676,10676,0,7215,486997.41200354107,45.61609329369999,1.7271062806248665,45.862887467560817,0.71421505780615901
primary_assignment,Cerrado,nat_tmp_intensity_initial_native,relative_intensity,2020,2025,1,10676,10672,4,7215,49.503122009749141,0.0046385983892193727,0.00022368049939119289,0.0069922659011797681,
primary_assignment,Cerrado,nat_tmp_pas_any_ha,trajectory_area,2020,2025,1,10676,10676,0,3966,36340.831120936113,3.403974439952802,0,2.1526703201234341,0.71957555158524233
primary_assignment,Cerrado,nat_tmp_pas_any_share_endpoint,trajectory_share,2020,2025,1,10676,7215,3461,3966,630.4918734598956,0.087386261047802574,0.0070766366489683572,0.28290687569828643,
primary_assignment,Cerrado,nat_tmp_pas_consecutive2_ha,trajectory_area,2020,2025,1,10676,10676,0,3552,34124.511132759821,3.1963760896178175,0,1.8255326934158802,0.72190379310363451
primary_assignment,Cerrado,nat_tmp_pas_consecutive2_share_endpoint,trajectory_share,2020,2025,1,10676,7215,3461,3552,535.03631269460232,0.074156107095578974,0,0.22929907709056846,
primary_assignment,Cerrado,net_cr_balance_ha,signed_area,2020,2025,1,10676,10676,0,10544,-3877284.6659610332,-363.17765698398586,-213.43566742060233,91.814559478473427,0.48757240195941665
primary_assignment,Cerrado,cr_balance_index,bounded_index,2020,2025,1,10676,10544,132,10544,-5843.3032784367961,-0.55418278437374768,-0.90199062844106903,0.55944921326401198,
single_biome_sensitivity,Amazon,consolidation_ha,absolute_area,1985,1990,0,13920,13920,0,510,19241.558632667773,1.3822958787836044,0,0,0.013270004017944877
single_biome_sensitivity,Amazon,consolidation_rate_initial_pasture,relative_intensity,1985,1990,0,13920,6567,7353,510,17.975111175802734,0.0027371876314607481,0,0,
single_biome_sensitivity,Amazon,replenishment_ha,absolute_area,1985,1990,0,13920,13920,0,7504,4797297.4863164015,344.6334401089369,1.7986302029122325,1222.6278084386629,0.29202860358756677
single_biome_sensitivity,Amazon,replenishment_rate_initial_native,relative_intensity,1985,1990,0,13920,13919,1,7504,317.58600919270538,0.02281672599990699,0.00010029872193641486,0.075552511003019546,
single_biome_sensitivity,Amazon,nat_tmp_endpoint_ha,absolute_area,1985,1990,0,13920,13920,0,758,58571.295833966782,4.2077080340493378,0,0,0.041777543827177542
single_biome_sensitivity,Amazon,nat_tmp_intensity_initial_native,relative_intensity,1985,1990,0,13920,13919,1,758,3.4690974225926889,0.00024923467365419133,0,0,
single_biome_sensitivity,Amazon,nat_tmp_pas_any_ha,trajectory_area,1985,1990,0,13920,13920,0,357,2610.304290495696,0.18752185994940346,0,0,0.017979636205536036
single_biome_sensitivity,Amazon,nat_tmp_pas_any_share_endpoint,trajectory_share,1985,1990,0,13920,758,13162,357,86.678829816361926,0.1143520182273904,0,0.38951795791225935,
single_biome_sensitivity,Amazon,nat_tmp_pas_consecutive2_ha,trajectory_area,1985,1990,0,13920,13920,0,327,2350.7786398528251,0.16887777585149605,0,0,0.016829568988527291
single_biome_sensitivity,Amazon,nat_tmp_pas_consecutive2_share_endpoint,trajectory_share,1985,1990,0,13920,758,13162,327,73.30478634793549,0.09670816140888587,0,0.3376815862961482,
single_biome_sensitivity,Amazon,net_cr_balance_ha,signed_area,1985,1990,0,13920,13920,0,7508,-4778055.9276837334,-343.25114423015327,-1.6943195052444935,0,0.31901584496767338
single_biome_sensitivity,Amazon,cr_balance_index,bounded_index,1985,1990,0,13920,7508,6412,7508,-7399.3179816135344,-0.98552450474341158,-1,-1,
single_biome_sensitivity,Amazon,consolidation_ha,absolute_area,1990,1995,0,13920,13920,0,865,57036.836300182258,4.0974738721395303,0,0,0.034805371471968737
single_biome_sensitivity,Amazon,consolidation_rate_initial_pasture,relative_intensity,1990,1995,0,13920,7695,6225,865,34.300357091553401,0.0044574863016963485,0,0.00028406147802739762,
single_biome_sensitivity,Amazon,replenishment_ha,absolute_area,1990,1995,0,13920,13920,0,8383,7603329.672318032,546.21621209181262,6.8960117593845904,2062.6179547188972,0.45113659120868688
single_biome_sensitivity,Amazon,replenishment_rate_initial_native,relative_intensity,1990,1995,0,13920,13919,1,8383,547.04580851097319,0.039302091278897423,0.00039120414231519628,0.14160017338418535,
single_biome_sensitivity,Amazon,nat_tmp_endpoint_ha,absolute_area,1990,1995,0,13920,13920,0,983,83721.035854610105,6.0144422309346339,0,0,0.070884031834998584
single_biome_sensitivity,Amazon,nat_tmp_intensity_initial_native,relative_intensity,1990,1995,0,13920,13919,1,983,5.8265150348926031,0.00041860155434245296,0,0,
single_biome_sensitivity,Amazon,nat_tmp_pas_any_ha,trajectory_area,1990,1995,0,13920,13920,0,532,5700.2729223061715,0.40950236510820198,0,0,0.055143944482262543
single_biome_sensitivity,Amazon,nat_tmp_pas_any_share_endpoint,trajectory_share,1990,1995,0,13920,983,12937,532,141.040150975632,0.14347929905964599,0.0081010843029913505,0.52667450715087993,
single_biome_sensitivity,Amazon,nat_tmp_pas_consecutive2_ha,trajectory_area,1990,1995,0,13920,13920,0,489,5042.6431817191778,0.3622588492614352,0,0,0.051327664583245398
single_biome_sensitivity,Amazon,nat_tmp_pas_consecutive2_share_endpoint,trajectory_share,1990,1995,0,13920,983,12937,489,120.26806446686182,0.12234798012905576,0,0.44270477645212164,
single_biome_sensitivity,Amazon,net_cr_balance_ha,signed_area,1990,1995,0,13920,13920,0,8385,-7546292.8360178499,-542.11873821967311,-6.3319174222209877,0,0.49597773258982947
single_biome_sensitivity,Amazon,cr_balance_index,bounded_index,1990,1995,0,13920,8385,5535,8385,-8194.5317730244751,-0.97728464794567382,-1,-0.99977891913576333,
single_biome_sensitivity,Amazon,consolidation_ha,absolute_area,1995,2000,0,13920,13920,0,1356,119543.94462036696,8.5879270560608454,0,0,0.066062797774169638
single_biome_sensitivity,Amazon,consolidation_rate_initial_pasture,relative_intensity,1995,2000,0,13920,8582,5338,1356,54.97791606747861,0.0064061892411417633,0,0.0015560424759508322,
single_biome_sensitivity,Amazon,replenishment_ha,absolute_area,1995,2000,0,13920,13920,0,8992,8636603.1353700217,620.44562754094989,20.268997189373358,2232.7588390889409,0.55198217746691414
single_biome_sensitivity,Amazon,replenishment_rate_initial_native,relative_intensity,1995,2000,0,13920,13920,0,8992,694.0459996610964,0.049859626412435083,0.0011596221670677697,0.18021954906011864,
single_biome_sensitivity,Amazon,nat_tmp_endpoint_ha,absolute_area,1995,2000,0,13920,13920,0,1416,222973.9549088284,16.018243887128477,0,0.087955231219530028,0.18206226930453609
single_biome_sensitivity,Amazon,nat_tmp_intensity_initial_native,relative_intensity,1995,2000,0,13920,13920,0,1416,15.118913769972595,0.0010861288627853876,0,5.7518810814834816e-06,
single_biome_sensitivity,Amazon,nat_tmp_pas_any_ha,trajectory_area,1995,2000,0,13920,13920,0,867,13672.314751904472,0.98220651953336724,0,0,0.17289405021181803
single_biome_sensitivity,Amazon,nat_tmp_pas_any_share_endpoint,trajectory_share,1995,2000,0,13920,1416,12504,867,330.93487495059122,0.23371106988036103,0.030882958573132994,0.98316542199645318,
single_biome_sensitivity,Amazon,nat_tmp_pas_consecutive2_ha,trajectory_area,1995,2000,0,13920,13920,0,820,12931.800841774571,0.92900868116196633,0,0,0.17172145185793591
single_biome_sensitivity,Amazon,nat_tmp_pas_consecutive2_share_endpoint,trajectory_share,1995,2000,0,13920,1416,12504,820,305.10828377160823,0.21547195181610751,0.016877300346601665,0.90245275745253317,
single_biome_sensitivity,Amazon,net_cr_balance_ha,signed_area,1995,2000,0,13920,13920,0,8994,-8517059.1907496545,-611.85770048488894,-18.101407139529201,0,0.61552897617408653
single_biome_sensitivity,Amazon,cr_balance_index,bounded_index,1995,2000,0,13920,8994,4926,8994,-8718.9339044399676,-0.96941671163441934,-1,-0.99286083189925034,
single_biome_sensitivity,Amazon,consolidation_ha,absolute_area,2000,2005,0,13920,13920,0,2131,611839.08432684385,43.953957207388207,0,7.5566989473998563,0.17459762770524015
single_biome_sensitivity,Amazon,consolidation_rate_initial_pasture,relative_intensity,2000,2005,0,13920,9158,4762,2131,204.82367819319367,0.022365546865384764,0,0.011111236600134499,
single_biome_sensitivity,Amazon,replenishment_ha,absolute_area,2000,2005,0,13920,13920,0,9806,10287839.016888361,739.06889489140531,69.146442416909281,2407.2684965489398,0.60781970298045163
single_biome_sensitivity,Amazon,replenishment_rate_initial_native,relative_intensity,2000,2005,0,13920,13920,0,9806,844.56231115452306,0.060672579824319187,0.0040999868910694577,0.21143761937570119,
single_biome_sensitivity,Amazon,nat_tmp_endpoint_ha,absolute_area,2000,2005,0,13920,13920,0,2123,752643.57162741653,54.069222099670725,0,4.8020887635648375,0.32797974464990665
single_biome_sensitivity,Amazon,nat_tmp_intensity_initial_native,relative_intensity,2000,2005,0,13920,13920,0,2123,52.048888453470468,0.0037391442854504647,0,0.00038735891868087717,
single_biome_sensitivity,Amazon,nat_tmp_pas_any_ha,trajectory_area,2000,2005,0,13920,13920,0,1379,46598.728406110436,3.3476097992895428,0,0,0.29485466786242231
single_biome_sensitivity,Amazon,nat_tmp_pas_any_share_endpoint,trajectory_share,2000,2005,0,13920,2123,11797,1379,497.97088082060947,0.23456000038653296,0.028036141474195114,1,
single_biome_sensitivity,Amazon,nat_tmp_pas_consecutive2_ha,trajectory_area,2000,2005,0,13920,13920,0,1306,44187.500121306701,3.1743893765306539,0,0,0.2942237773572956
single_biome_sensitivity,Amazon,nat_tmp_pas_consecutive2_share_endpoint,trajectory_share,2000,2005,0,13920,2123,11797,1306,460.22007153195761,0.21677817782946662,0.018208146199441326,0.8998341127946009,
single_biome_sensitivity,Amazon,net_cr_balance_ha,signed_area,2000,2005,0,13920,13920,0,9809,-9675999.9325615186,-695.11493768401715,-46.816843003034592,0,0.7209314070656635
single_biome_sensitivity,Amazon,cr_balance_index,bounded_index,2000,2005,0,13920,9809,4111,9809,-9064.0854342979328,-0.92405805222733539,-1,-0.93150042244317988,
single_biome_sensitivity,Amazon,consolidation_ha,absolute_area,2005,2010,0,13920,13920,0,2811,740796.72021146689,53.218155187605383,0,26.663681205633836,0.26214615669284846
single_biome_sensitivity,Amazon,consolidation_rate_initial_pasture,relative_intensity,2005,2010,0,13920,9968,3952,2811,220.77885465820992,0.022148761502629406,0,0.02011323992849285,
single_biome_sensitivity,Amazon,replenishment_ha,absolute_area,2005,2010,0,13920,13920,0,10011,5717662.072736932,410.75158568512444,52.705348087438182,1339.953781282484,0.56846611584392981
single_biome_sensitivity,Amazon,replenishment_rate_initial_native,relative_intensity,2005,2010,0,13920,13920,0,10011,531.75638077852363,0.038200889423744513,0.0034370674349151341,0.12666841511992905,
single_biome_sensitivity,Amazon,nat_tmp_endpoint_ha,absolute_area,2005,2010,0,13920,13920,0,2121,137806.63324120024,9.8999018133046146,0,2.722691850521985,0.14579239443283398
single_biome_sensitivity,Amazon,nat_tmp_intensity_initial_native,relative_intensity,2005,2010,0,13920,13920,0,2121,12.523953769403024,0.00089970932251458508,0,0.00023818348668751922,
single_biome_sensitivity,Amazon,nat_tmp_pas_any_ha,trajectory_area,2005,2010,0,13920,13920,0,1304,19606.333975848236,1.408501004012086,0,0,0.24394567448621524
single_biome_sensitivity,Amazon,nat_tmp_pas_any_share_endpoint,trajectory_share,2005,2010,0,13920,2121,11799,1304,479.88867947018286,0.22625586019339125,0.031123870197122636,0.92856367216040125,
single_biome_sensitivity,Amazon,nat_tmp_pas_consecutive2_ha,trajectory_area,2005,2010,0,13920,13920,0,1236,18742.815551944019,1.346466634478737,0,0,0.2447540310678625
single_biome_sensitivity,Amazon,nat_tmp_pas_consecutive2_share_endpoint,trajectory_share,2005,2010,0,13920,2121,11799,1236,440.78283146259969,0.20781840238689284,0.01994570922689156,0.867766280066397,
single_biome_sensitivity,Amazon,net_cr_balance_ha,signed_area,2005,2010,0,13920,13920,0,10019,-4976865.3525254652,-357.53343049751908,-29.279211314606904,0,0.68815747273986594
single_biome_sensitivity,Amazon,cr_balance_index,bounded_index,2005,2010,0,13920,10019,3901,10019,-8417.4366047181429,-0.84014738044896131,-1,-0.4543579197413824,
single_biome_sensitivity,Amazon,consolidation_ha,absolute_area,2010,2015,0,13920,13920,0,3696,1776810.6984767329,127.64444672965035,0,160.20481011347744,0.35718165223520632
single_biome_sensitivity,Amazon,consolidation_rate_initial_pasture,relative_intensity,2010,2015,0,13920,10226,3694,3696,424.09067675915998,0.041471804885503616,0,0.096825411453037802,
single_biome_sensitivity,Amazon,replenishment_ha,absolute_area,2010,2015,0,13920,13920,0,10144,4151656.6154701286,298.25119364009544,39.623510885983706,927.38985205044946,0.47733531868506218
single_biome_sensitivity,Amazon,replenishment_rate_initial_native,relative_intensity,2010,2015,0,13920,13919,1,10144,410.32070904165698,0.029479180188350957,0.0026400563671946501,0.09377884658378019,
single_biome_sensitivity,Amazon,nat_tmp_endpoint_ha,absolute_area,2010,2015,0,13920,13920,0,2866,226626.87084721768,16.2806660091392,0,9.5862974561750995,0.16634265537286588
single_biome_sensitivity,Amazon,nat_tmp_intensity_initial_native,relative_intensity,2010,2015,0,13920,13919,1,2866,21.395367753807822,0.0015371339718232503,0,0.00092682082728497573,
single_biome_sensitivity,Amazon,nat_tmp_pas_any_ha,trajectory_area,2010,2015,0,13920,13920,0,1834,20409.028975541481,1.4661658746797042,0,0.43590108156204227,0.15221414738806463
single_biome_sensitivity,Amazon,nat_tmp_pas_any_share_endpoint,trajectory_share,2010,2015,0,13920,2866,11054,1834,560.70253486911724,0.19563940504854055,0.027036905342346082,0.77584111743386286,
single_biome_sensitivity,Amazon,nat_tmp_pas_consecutive2_ha,trajectory_area,2010,2015,0,13920,13920,0,1713,18708.040070805335,1.3439683958911879,0,0.26798927783966059,0.14716892573702867
single_biome_sensitivity,Amazon,nat_tmp_pas_consecutive2_share_endpoint,trajectory_share,2010,2015,0,13920,2866,11054,1713,489.37021313209976,0.1707502488248778,0.014402269411640998,0.66668625561147021,
single_biome_sensitivity,Amazon,net_cr_balance_ha,signed_area,2010,2015,0,13920,13920,0,10167,-2374845.9169933954,-170.60674691044508,-12.312276622989014,0,0.63787835606831833
single_biome_sensitivity,Amazon,cr_balance_index,bounded_index,2010,2015,0,13920,10167,3753,10167,-7370.6134559557477,-0.72495460371355835,-1,0.49882797095329501,
single_biome_sensitivity,Amazon,consolidation_ha,absolute_area,2015,2020,0,13920,13920,0,4093,1437437.548529896,103.2641917047339,0,220.13011104675519,0.36702327478723379
single_biome_sensitivity,Amazon,consolidation_rate_initial_pasture,relative_intensity,2015,2020,0,13920,10445,3475,4093,360.66464203257954,0.034529884349696463,0,0.098187507271726787,
single_biome_sensitivity,Amazon,replenishment_ha,absolute_area,2015,2020,0,13920,13920,0,10434,5037451.4287294466,361.88587850067864,54.58422245935482,1077.8311923647452,0.55867984485777922
single_biome_sensitivity,Amazon,replenishment_rate_initial_native,relative_intensity,2015,2020,0,13920,13919,1,10434,489.39284315737359,0.035160057702232461,0.0038317200415584618,0.11157386878095496,
single_biome_sensitivity,Amazon,nat_tmp_endpoint_ha,absolute_area,2015,2020,0,13920,13920,0,3155,233224.41322891728,16.754627387134864,0,11.232742629647257,0.3149166343550327
single_biome_sensitivity,Amazon,nat_tmp_intensity_initial_native,relative_intensity,2015,2020,0,13920,13919,1,3155,22.038574930672318,0.0015833447036908053,0,0.0011333045314757179,
single_biome_sensitivity,Amazon,nat_tmp_pas_any_ha,trajectory_area,2015,2020,0,13920,13920,0,1963,16639.804255483021,1.1953882367444699,0,0.46427739974038368,0.20385747177949834
single_biome_sensitivity,Amazon,nat_tmp_pas_any_share_endpoint,trajectory_share,2015,2020,0,13920,3155,10765,1963,512.9879764735324,0.1625952381849548,0.019011552340894321,0.61255342417836733,
single_biome_sensitivity,Amazon,nat_tmp_pas_consecutive2_ha,trajectory_area,2015,2020,0,13920,13920,0,1794,15247.193508575916,1.0953443612482698,0,0.34654908478260088,0.20023747248982618
single_biome_sensitivity,Amazon,nat_tmp_pas_consecutive2_share_endpoint,trajectory_share,2015,2020,0,13920,3155,10765,1794,425.33623367081736,0.13481338626650313,0.0073336718234926048,0.49386561951157043,
single_biome_sensitivity,Amazon,net_cr_balance_ha,signed_area,2015,2020,0,13920,13920,0,10475,-3600013.8801995497,-258.62168679594464,-16.252323329872361,7.165870122202521,0.70585324837472574
single_biome_sensitivity,Amazon,cr_balance_index,bounded_index,2015,2020,0,13920,10475,3445,10475,-7477.2992122476608,-0.71382331381839248,-1,0.4290776365955466,
single_biome_sensitivity,Amazon,consolidation_ha,absolute_area,2020,2025,1,13920,13920,0,3941,926982.17025927105,66.593546714028093,0,115.55268273502593,0.44431303497702523
single_biome_sensitivity,Amazon,consolidation_rate_initial_pasture,relative_intensity,2020,2025,1,13920,10739,3181,3941,299.15676195160876,0.027857040874532894,0,0.072027105349435447,
single_biome_sensitivity,Amazon,replenishment_ha,absolute_area,2020,2025,1,13920,13920,0,11195,4962788.2008817941,356.52214086794498,78.166864442401661,1042.2437390980474,0.49437300454544053
single_biome_sensitivity,Amazon,replenishment_rate_initial_native,relative_intensity,2020,2025,1,13920,13919,1,11195,491.599985698843,0.035318628184412885,0.0058304468646914707,0.11372162768105094,
single_biome_sensitivity,Amazon,nat_tmp_endpoint_ha,absolute_area,2020,2025,1,13920,13920,0,3203,183533.46406198264,13.184875291809098,0,12.304275672882801,0.26916439474516224
single_biome_sensitivity,Amazon,nat_tmp_intensity_initial_native,relative_intensity,2020,2025,1,13920,13919,1,3203,17.890083978521687,0.0012852995171004876,0,0.0011725210631214047,
single_biome_sensitivity,Amazon,nat_tmp_pas_any_ha,trajectory_area,2020,2025,1,13920,13920,0,1737,13260.604555626711,0.95262963761686137,0,0.1772923715412619,0.26256985718666398
single_biome_sensitivity,Amazon,nat_tmp_pas_any_share_endpoint,trajectory_share,2020,2025,1,13920,3203,10717,1737,343.46560664193544,0.10723247163344847,0.00332639458037795,0.37000024161664136,
single_biome_sensitivity,Amazon,nat_tmp_pas_consecutive2_ha,trajectory_area,2020,2025,1,13920,13920,0,1587,12340.330147797569,0.88651797038775637,0,0.089236302673816659,0.26105959751886187
single_biome_sensitivity,Amazon,nat_tmp_pas_consecutive2_share_endpoint,trajectory_share,2020,2025,1,13920,3203,10717,1587,298.55792814745445,0.093211966327647347,0,0.31514140299935622,
single_biome_sensitivity,Amazon,net_cr_balance_ha,signed_area,2020,2025,1,13920,13920,0,11225,-4035806.0306225233,-289.92859415391689,-40.877232826077474,0,0.50750662118464596
single_biome_sensitivity,Amazon,cr_balance_index,bounded_index,2020,2025,1,13920,11225,2695,11225,-8786.326419403189,-0.7827462289000614,-1,0.054733018879157581,
single_biome_sensitivity,Cerrado,consolidation_ha,absolute_area,1985,1990,0,10387,10387,0,4261,1413743.3026618394,136.10698976237984,0,370.42946305855224,0.97499270536298588
single_biome_sensitivity,Cerrado,consolidation_rate_initial_pasture,relative_intensity,1985,1990,0,10387,9347,1040,4261,369.25634789063406,0.03950533303633616,0,0.11176997404285689,
single_biome_sensitivity,Cerrado,replenishment_ha,absolute_area,1985,1990,0,10387,10387,0,9579,11183355.233570766,1076.668454180299,689.71151234960428,2707.4086063597993,0.68077070925844607
single_biome_sensitivity,Cerrado,replenishment_rate_initial_native,relative_intensity,1985,1990,0,10387,10384,3,9579,1038.6130213514737,0.10002051438284608,0.058928938669048331,0.26197190005545379,
single_biome_sensitivity,Cerrado,nat_tmp_endpoint_ha,absolute_area,1985,1990,0,10387,10387,0,4504,1248759.0125729342,120.22326105448485,0,238.50219532175382,0.89071077623476669
single_biome_sensitivity,Cerrado,nat_tmp_intensity_initial_native,relative_intensity,1985,1990,0,10387,10384,3,4504,112.61967269247734,0.010845500066686954,0,0.02789328523529308,
single_biome_sensitivity,Cerrado,nat_tmp_pas_any_ha,trajectory_area,1985,1990,0,10387,10387,0,3759,139749.16323689953,13.454237338682924,0,31.68383329257653,0.96258475464957183
single_biome_sensitivity,Cerrado,nat_tmp_pas_any_share_endpoint,trajectory_share,1985,1990,0,10387,4504,5883,3759,1453.2939851305032,0.32266740344815792,0.17265488221332298,0.98149839419442308,
single_biome_sensitivity,Cerrado,nat_tmp_pas_consecutive2_ha,trajectory_area,1985,1990,0,10387,10387,0,3704,134679.83483414355,12.966191858490763,0,30.280481904745077,0.96419268632055666
single_biome_sensitivity,Cerrado,nat_tmp_pas_consecutive2_share_endpoint,trajectory_share,1985,1990,0,10387,4504,5883,3704,1389.5202500862401,0.30850804842056839,0.15437631569809157,0.96030240843929804,
single_biome_sensitivity,Cerrado,net_cr_balance_ha,signed_area,1985,1990,0,10387,10387,0,9589,-9769611.9309089258,-940.56146441791907,-567.43748475123266,0,0.65228642199172482
single_biome_sensitivity,Cerrado,cr_balance_index,bounded_index,1985,1990,0,10387,9589,798,9589,-7838.6651811853089,-0.8174643008849003,-1,-0.31038224891933291,
single_biome_sensitivity,Cerrado,consolidation_ha,absolute_area,1990,1995,0,10387,10387,0,5319,1550207.8479636875,149.24500317355228,0.61451409757137299,487.67359510210702,0.94597743330593831
single_biome_sensitivity,Cerrado,consolidation_rate_initial_pasture,relative_intensity,1990,1995,0,10387,9644,743,5319,433.30372119954541,0.044929875694685338,0.00036469264197635859,0.13153454797792793,
single_biome_sensitivity,Cerrado,replenishment_ha,absolute_area,1990,1995,0,10387,10387,0,9762,8658349.0382867157,833.57553078720673,539.65474423745684,2103.7063148590455,0.51373519746866725
single_biome_sensitivity,Cerrado,replenishment_rate_initial_native,relative_intensity,1990,1995,0,10387,10383,4,9762,835.4977183111539,0.080467853058957331,0.055847972411781147,0.19352568969479081,
single_biome_sensitivity,Cerrado,nat_tmp_endpoint_ha,absolute_area,1990,1995,0,10387,10387,0,4934,974403.25246741623,93.809882783038049,0,161.14993750171323,0.82499733147082377
single_biome_sensitivity,Cerrado,nat_tmp_intensity_initial_native,relative_intensity,1990,1995,0,10387,10383,4,4934,93.471583098915602,0.0090023676296750073,0,0.019872352761671788,
single_biome_sensitivity,Cerrado,nat_tmp_pas_any_ha,trajectory_area,1990,1995,0,10387,10387,0,4057,92354.836408172065,8.8913869652615833,0,17.386173145472998,0.89343265506316683
single_biome_sensitivity,Cerrado,nat_tmp_pas_any_share_endpoint,trajectory_share,1990,1995,0,10387,4934,5453,4057,1392.5737586098323,0.28224032399874999,0.11766951139801923,0.94611589778773131,
single_biome_sensitivity,Cerrado,nat_tmp_pas_consecutive2_ha,trajectory_area,1990,1995,0,10387,10387,0,3922,88125.784445892627,8.4842384178196433,0,16.202363352477548,0.89700788696931855
single_biome_sensitivity,Cerrado,nat_tmp_pas_consecutive2_share_endpoint,trajectory_share,1990,1995,0,10387,4934,5453,3922,1308.4671766168094,0.26519399607150573,0.099995942763127565,0.9192103360303715,
single_biome_sensitivity,Cerrado,net_cr_balance_ha,signed_area,1990,1995,0,10387,10387,0,9783,-7108141.1903230287,-684.33052761365445,-424.0602181812128,41.152562892425152,0.46718035293806193
single_biome_sensitivity,Cerrado,cr_balance_index,bounded_index,1990,1995,0,10387,9783,604,9783,-7012.0086409549649,-0.71675443534242711,-0.99703341345998908,0.24024559672519868,
single_biome_sensitivity,Cerrado,consolidation_ha,absolute_area,1995,2000,0,10387,10387,0,6054,1649324.9801027642,158.78742467534073,3.0749439999461168,523.34656569683659,0.91145580790757752
single_biome_sensitivity,Cerrado,consolidation_rate_initial_pasture,relative_intensity,1995,2000,0,10387,9817,570,6054,438.29135907968981,0.044646160647824167,0.00116745022535862,0.13592484891367945,
single_biome_sensitivity,Cerrado,replenishment_ha,absolute_area,1995,2000,0,10387,10387,0,9878,6475215.0188619802,623.39607382901511,413.58455270610602,1534.4329783943001,0.41384364079903624
single_biome_sensitivity,Cerrado,replenishment_rate_initial_native,relative_intensity,1995,2000,0,10387,10383,4,9878,653.71313407926868,0.062959947421676654,0.045361843453240076,0.1511654014771201,
single_biome_sensitivity,Cerrado,nat_tmp_endpoint_ha,absolute_area,1995,2000,0,10387,10387,0,5307,857547.0723058884,82.559648821208086,0.087040558457374503,106.74064261441717,0.70020270342027047
single_biome_sensitivity,Cerrado,nat_tmp_intensity_initial_native,relative_intensity,1995,2000,0,10387,10383,4,5307,82.705454200983027,0.0079654679958569806,1.3253555694208257e-05,0.014439765015840707,
single_biome_sensitivity,Cerrado,nat_tmp_pas_any_ha,trajectory_area,1995,2000,0,10387,10387,0,3966,60924.899669024497,5.8654952988374411,0,9.6296521008014651,0.77042935696452097
single_biome_sensitivity,Cerrado,nat_tmp_pas_any_share_endpoint,trajectory_share,1995,2000,0,10387,5307,5080,3966,1361.7445371233507,0.25659403375228013,0.086916546266200212,0.92724336629546544,
single_biome_sensitivity,Cerrado,nat_tmp_pas_consecutive2_ha,trajectory_area,1995,2000,0,10387,10387,0,3793,58135.559125921238,5.5969538005122983,0,8.9464814826846073,0.77198239748843311
single_biome_sensitivity,Cerrado,nat_tmp_pas_consecutive2_share_endpoint,trajectory_share,1995,2000,0,10387,5307,5080,3793,1260.062199711595,0.23743399278530147,0.066701801060200308,0.8800567309670998,
single_biome_sensitivity,Cerrado,net_cr_balance_ha,signed_area,1995,2000,0,10387,10387,0,9908,-4825890.0387592167,-464.60864915367449,-308.34733523372927,191.17290561237093,0.3487677011699537
single_biome_sensitivity,Cerrado,cr_balance_index,bounded_index,1995,2000,0,10387,9908,479,9908,-6354.7846336599769,-0.64137915156035297,-0.98589196340186236,0.48680585412227279,
single_biome_sensitivity,Cerrado,consolidation_ha,absolute_area,2000,2005,0,10387,10387,0,6453,2806191.8779527368,270.16384691948946,5.9961538016796112,931.3218302264396,0.80078971305881375
single_biome_sensitivity,Cerrado,consolidation_rate_initial_pasture,relative_intensity,2000,2005,0,10387,9934,453,6453,667.66423681627759,0.067210009745951038,0.0021902370076515311,0.22362256357038257,
single_biome_sensitivity,Cerrado,replenishment_ha,absolute_area,2000,2005,0,10387,10387,0,10000,6089165.0700086132,586.22942813214718,378.27108261298901,1451.2304565417705,0.3597562615604582
single_biome_sensitivity,Cerrado,replenishment_rate_initial_native,relative_intensity,2000,2005,0,10387,10384,3,10000,614.89483092294984,0.059215603902441238,0.041156316389075423,0.14208090437037041,
single_biome_sensitivity,Cerrado,nat_tmp_endpoint_ha,absolute_area,2000,2005,0,10387,10387,0,5811,1307154.042072237,125.84519515473544,0.9337196946144104,238.50850270915231,0.56961896055252059
single_biome_sensitivity,Cerrado,nat_tmp_intensity_initial_native,relative_intensity,2000,2005,0,10387,10384,3,5811,120.65104680317103,0.011618937481044976,8.7406615029994174e-05,0.026637467332131216,
single_biome_sensitivity,Cerrado,nat_tmp_pas_any_ha,trajectory_area,2000,2005,0,10387,10387,0,4292,103589.75519193595,9.973019658413012,0,18.081631712352525,0.65546687443648621
single_biome_sensitivity,Cerrado,nat_tmp_pas_any_share_endpoint,trajectory_share,2000,2005,0,10387,5811,4576,4292,1234.1802979315776,0.21238690379135736,0.066674657140992452,0.74999902960348563,
single_biome_sensitivity,Cerrado,nat_tmp_pas_consecutive2_ha,trajectory_area,2000,2005,0,10387,10387,0,4056,98484.228948334014,9.4814892604538379,0,16.651767799240684,0.65576015325038639
single_biome_sensitivity,Cerrado,nat_tmp_pas_consecutive2_share_endpoint,trajectory_share,2000,2005,0,10387,5811,4576,4056,1117.1824459065379,0.1922530452429079,0.047882360817533609,0.6667657157478134,
single_biome_sensitivity,Cerrado,net_cr_balance_ha,signed_area,2000,2005,0,10387,10387,0,10030,-3282973.1920558764,-316.06558121265778,-236.79685431935039,613.05261843376195,0.24460505365889718
single_biome_sensitivity,Cerrado,cr_balance_index,bounded_index,2000,2005,0,10387,10030,357,10030,-5328.8537233266643,-0.53129149783914897,-0.96890469064924933,0.75192504705495866,
single_biome_sensitivity,Cerrado,consolidation_ha,absolute_area,2005,2010,0,10387,10387,0,7260,1989701.8210919434,191.55692895850038,18.011193351213841,598.1844976694033,0.70409691502835126
single_biome_sensitivity,Cerrado,consolidation_rate_initial_pasture,relative_intensity,2005,2010,0,10387,10043,344,7260,559.215589082056,0.055682125767405756,0.0050808660152661788,0.16139730186195686,
single_biome_sensitivity,Cerrado,replenishment_ha,absolute_area,2005,2010,0,10387,10387,0,10023,4019181.0571337244,386.94339627743568,239.2752191492448,959.46810626062086,0.39959833501119013
single_biome_sensitivity,Cerrado,replenishment_rate_initial_native,relative_intensity,2005,2010,0,10387,10383,4,10023,411.20091094262312,0.039603285268479546,0.027717823697466931,0.094306347503491011,
single_biome_sensitivity,Cerrado,nat_tmp_endpoint_ha,absolute_area,2005,2010,0,10387,10387,0,6326,771794.23237683147,74.303863712027677,1.3750442862510679,90.037139019370045,0.81651896212227149
single_biome_sensitivity,Cerrado,nat_tmp_intensity_initial_native,relative_intensity,2005,2010,0,10387,10383,4,6326,68.666082737679716,0.0066133181871982777,0.00014762259528434645,0.011779200328186594,
single_biome_sensitivity,Cerrado,nat_tmp_pas_any_ha,trajectory_area,2005,2010,0,10387,10387,0,4660,56988.088561398756,5.4864820026377927,0,9.4508792743086811,0.70905645690395513
single_biome_sensitivity,Cerrado,nat_tmp_pas_any_share_endpoint,trajectory_share,2005,2010,0,10387,6326,4061,4660,1472.0656619749507,0.23270086341684329,0.070598791944435885,0.83333189028755306,
single_biome_sensitivity,Cerrado,nat_tmp_pas_consecutive2_ha,trajectory_area,2005,2010,0,10387,10387,0,4373,54228.399082724929,5.2207951364903176,0,8.6077715029552841,0.70814436801503167
single_biome_sensitivity,Cerrado,nat_tmp_pas_consecutive2_share_endpoint,trajectory_share,2005,2010,0,10387,6326,4061,4373,1337.1185816347752,0.21136872931311654,0.048933454812458407,0.77143333423478344,
single_biome_sensitivity,Cerrado,net_cr_balance_ha,signed_area,2005,2010,0,10387,10387,0,10065,-2029479.236041781,-195.3864673189353,-134.15682348798887,411.57756858020423,0.28061866317999806
single_biome_sensitivity,Cerrado,cr_balance_index,bounded_index,2005,2010,0,10387,10065,322,10065,-4553.6825700673244,-0.45242747839715097,-0.87738857457451136,0.79493140816073882,
single_biome_sensitivity,Cerrado,consolidation_ha,absolute_area,2010,2015,0,10387,10387,0,7819,3009264.910435365,289.71453840717868,38.510221630334847,902.44780817686922,0.6049345682374665
single_biome_sensitivity,Cerrado,consolidation_rate_initial_pasture,relative_intensity,2010,2015,0,10387,10089,298,7819,742.04686279335874,0.073550090474116245,0.013040757054768613,0.21390787914122514,
single_biome_sensitivity,Cerrado,replenishment_ha,absolute_area,2010,2015,0,10387,10387,0,10107,4256165.4672528552,409.75887814122029,219.63116081555685,1086.3960823359325,0.48935118865976834
single_biome_sensitivity,Cerrado,replenishment_rate_initial_native,relative_intensity,2010,2015,0,10387,10382,5,10107,411.63587962098836,0.039648996303312305,0.024765817858162238,0.097020412198033479,
single_biome_sensitivity,Cerrado,nat_tmp_endpoint_ha,absolute_area,2010,2015,0,10387,10387,0,6987,1097851.7076810135,105.69478267844551,3.4383895993232727,159.65104138824853,0.80581604281342945
single_biome_sensitivity,Cerrado,nat_tmp_intensity_initial_native,relative_intensity,2010,2015,0,10387,10382,5,6987,94.390240520919619,0.0090917203352841088,0.00041801604095275063,0.016591420653382587,
single_biome_sensitivity,Cerrado,nat_tmp_pas_any_ha,trajectory_area,2010,2015,0,10387,10387,0,5430,108146.62601625387,10.411728700900536,0.085049159824848106,19.233936859667278,0.80657666230410285
single_biome_sensitivity,Cerrado,nat_tmp_pas_any_share_endpoint,trajectory_share,2010,2015,0,10387,6987,3400,5430,1739.1542736247227,0.24891287728992739,0.10499719835418034,0.79640592318789427,
single_biome_sensitivity,Cerrado,nat_tmp_pas_consecutive2_ha,trajectory_area,2010,2015,0,10387,10387,0,5079,103168.63169280217,9.9324763351114047,0,17.95270599126815,0.81158777929297343
single_biome_sensitivity,Cerrado,nat_tmp_pas_consecutive2_share_endpoint,trajectory_share,2010,2015,0,10387,6987,3400,5079,1558.5605469765489,0.22306577171555017,0.07910657272179801,0.71565807072818555,
single_biome_sensitivity,Cerrado,net_cr_balance_ha,signed_area,2010,2015,0,10387,10387,0,10137,-1246900.5568174901,-120.0443397340416,-89.145279054986489,685.68127469671072,0.33491472927657029
single_biome_sensitivity,Cerrado,cr_balance_index,bounded_index,2010,2015,0,10387,10137,250,10137,-3474.5617335545508,-0.34276035647179154,-0.73631868600001493,0.86380451538649206,
single_biome_sensitivity,Cerrado,consolidation_ha,absolute_area,2015,2020,0,10387,10387,0,8260,2342107.6589000351,225.48451515356072,46.577731102705002,682.7781850898441,0.59801417025240189
single_biome_sensitivity,Cerrado,consolidation_rate_initial_pasture,relative_intensity,2015,2020,0,10387,10158,229,8260,596.55351610881644,0.058727457777989413,0.016403900332368888,0.15805708466037383,
single_biome_sensitivity,Cerrado,replenishment_ha,absolute_area,2015,2020,0,10387,10387,0,10140,3712025.344902874,357.37222921949302,210.78362878999289,894.44591890484094,0.411683124520279
single_biome_sensitivity,Cerrado,replenishment_rate_initial_native,relative_intensity,2015,2020,0,10387,10383,4,10140,376.29906180030383,0.036241843571251452,0.024922601915531497,0.085233340842401195,
single_biome_sensitivity,Cerrado,nat_tmp_endpoint_ha,absolute_area,2015,2020,0,10387,10387,0,7115,480385.44214408472,46.248718796965889,3.1419392332434648,93.979689695268149,0.64865150495493751
single_biome_sensitivity,Cerrado,nat_tmp_intensity_initial_native,relative_intensity,2015,2020,0,10387,10383,4,7115,49.421216380150796,0.0047598205123905229,0.00038510116025685298,0.010742364316239194,
single_biome_sensitivity,Cerrado,nat_tmp_pas_any_ha,trajectory_area,2015,2020,0,10387,10387,0,5067,61771.342271381414,5.9469858738212587,0,10.378311293995834,0.75677270420536769
single_biome_sensitivity,Cerrado,nat_tmp_pas_any_share_endpoint,trajectory_share,2015,2020,0,10387,7115,3272,5067,1159.0590560099192,0.16290359184960215,0.048398093085817336,0.51711990908180583,
single_biome_sensitivity,Cerrado,nat_tmp_pas_consecutive2_ha,trajectory_area,2015,2020,0,10387,10387,0,4636,57890.598257983555,5.5733703916418174,0,9.1876721552540257,0.76026234399023107
single_biome_sensitivity,Cerrado,nat_tmp_pas_consecutive2_share_endpoint,trajectory_share,2015,2020,0,10387,7115,3272,4636,978.79993826771488,0.13756850854078917,0.028344498457960179,0.45351115820714194,
single_biome_sensitivity,Cerrado,net_cr_balance_ha,signed_area,2015,2020,0,10387,10387,0,10177,-1369917.6860028384,-131.88771406593227,-84.407622914805117,457.67537550985793,0.26859920012794286
single_biome_sensitivity,Cerrado,cr_balance_index,bounded_index,2015,2020,0,10387,10177,210,10177,-3460.2116918554248,-0.3400031140665643,-0.65463324234176745,0.78932159679225555,
single_biome_sensitivity,Cerrado,consolidation_ha,absolute_area,2020,2025,1,10387,10387,0,8055,1051550.9972923817,101.23721934075111,14.143057242035866,267.68751913254147,0.50402028219099171
single_biome_sensitivity,Cerrado,consolidation_rate_initial_pasture,relative_intensity,2020,2025,1,10387,10203,184,8055,417.61615251342448,0.040930721602805496,0.0043986830686468283,0.095093134865610149,
single_biome_sensitivity,Cerrado,replenishment_ha,absolute_area,2020,2025,1,10387,10387,0,10218,4767734.7157602003,459.0097926023106,276.13419468201249,1150.4606084283776,0.47494256069343649
single_biome_sensitivity,Cerrado,replenishment_rate_initial_native,relative_intensity,2020,2025,1,10387,10383,4,10218,461.452040702516,0.044443035799144368,0.03201008341924886,0.10106617473826796,
single_biome_sensitivity,Cerrado,nat_tmp_endpoint_ha,absolute_area,2020,2025,1,10387,10387,0,7023,477404.09289272281,45.961691815993341,1.71003607660532,45.080484130978483,0.70014579831030743
single_biome_sensitivity,Cerrado,nat_tmp_intensity_initial_native,relative_intensity,2020,2025,1,10387,10383,4,7023,48.511110333260255,0.0046721670358528611,0.00022364429738312702,0.0069834785558026084,
single_biome_sensitivity,Cerrado,nat_tmp_pas_any_ha,trajectory_area,2020,2025,1,10387,10387,0,3854,33441.062547169131,3.2195111723470808,0,2.1111014967806159,0.66215797178377689
single_biome_sensitivity,Cerrado,nat_tmp_pas_any_share_endpoint,trajectory_share,2020,2025,1,10387,7023,3364,3854,606.31356327781873,0.086332559202309367,0.0069964082601441024,0.27703296921105747,
single_biome_sensitivity,Cerrado,nat_tmp_pas_consecutive2_ha,trajectory_area,2020,2025,1,10387,10387,0,3450,31370.68939766951,3.020187676679456,0,1.7842560529708862,0.66364671365834293
single_biome_sensitivity,Cerrado,nat_tmp_pas_consecutive2_share_endpoint,trajectory_share,2020,2025,1,10387,7023,3364,3450,515.22489270080723,0.073362507860003881,0,0.22579422524365556,
single_biome_sensitivity,Cerrado,net_cr_balance_ha,signed_area,2020,2025,1,10387,10387,0,10264,-3716183.7184678181,-357.77257326155944,-212.09720234371289,96.94587183826107,0.4673137976281983
single_biome_sensitivity,Cerrado,cr_balance_index,bounded_index,2020,2025,1,10387,10264,123,10264,-5685.1318958678612,-0.55389048089125692,-0.90168588018967877,0.55944921326401198,
