"product","source_relative_path","release_relative_path","sha256","expected_rows","required_for","tier","availability_in_github_zip","doi_status","hash_basis"
"pas_origin_destination_cells","spatial/phase9/pasture_spell_closure_full_v1/canonical_pas_origin_destination_1985_1990_full_v3.csv","data/core/canonical_pas_origin_destination_1985_1990_full_v3.csv","b99293c32f5d6c52f5444c6f8a1e5f43508c820e2cf74b59c1d44d9f6546c1ba","24889","v1.0.0","1","external_data_not_bundled","pending_not_minted","accepted_full_cell_validation_and_independent_closure_review"
"pas_origin_destination_cells","spatial/phase9/pasture_spell_closure_full_v1/canonical_pas_origin_destination_1990_1995_full_v3.csv","data/core/canonical_pas_origin_destination_1990_1995_full_v3.csv","0edaeb5c289f6648caa0443dcccce296f04552c8b34949340e3e989c8bd21562","24889","v1.0.0","1","external_data_not_bundled","pending_not_minted","accepted_full_cell_validation_and_independent_closure_review"
"pas_origin_destination_cells","spatial/phase9/pasture_spell_closure_full_v1/canonical_pas_origin_destination_1995_2000_full_v3.csv","data/core/canonical_pas_origin_destination_1995_2000_full_v3.csv","8638ff382834dcfdc95c1c4c6b966baa6e5bd714c436ca93e8be3bca520fcd7f","24889","v1.0.0","1","external_data_not_bundled","pending_not_minted","accepted_full_cell_validation_and_independent_closure_review"
"pas_origin_destination_cells","spatial/phase9/pasture_spell_closure_full_v1/canonical_pas_origin_destination_2000_2005_full_v3.csv","data/core/canonical_pas_origin_destination_2000_2005_full_v3.csv","9570c17e7df8c7db757b86db75466eb9aff1cac9944f7969ed9e6c23f41a5505","24889","v1.0.0","1","external_data_not_bundled","pending_not_minted","accepted_full_cell_validation_and_independent_closure_review"
"pas_origin_destination_cells","spatial/phase9/pasture_spell_closure_full_v1/canonical_pas_origin_destination_2005_2010_full_v3.csv","data/core/canonical_pas_origin_destination_2005_2010_full_v3.csv","45b9d9d652ec79d95cff3dd2d2abead233d9d802ecaa45e4e371df8387e59d75","24889","v1.0.0","1","external_data_not_bundled","pending_not_minted","accepted_full_cell_validation_and_independent_closure_review"
"pas_origin_destination_cells","spatial/phase9/pasture_spell_closure_full_v1/canonical_pas_origin_destination_2010_2015_full_v3.csv","data/core/canonical_pas_origin_destination_2010_2015_full_v3.csv","bc9de1c982fd8aa0e7bfa5e1b7ce93addd9a807550fb493f4971fad304e8cd78","24889","v1.0.0","1","external_data_not_bundled","pending_not_minted","accepted_full_cell_validation_and_independent_closure_review"
"pas_origin_destination_cells","spatial/phase9/pasture_spell_closure_full_v1/canonical_pas_origin_destination_2015_2020_full_v3.csv","data/core/canonical_pas_origin_destination_2015_2020_full_v3.csv","ab5c2d0500540ff8b18fd84154c58d1266bec75a50f34cbaea2db1108260a82f","24889","v1.0.0","1","external_data_not_bundled","pending_not_minted","accepted_full_cell_validation_and_independent_closure_review"
"pas_origin_destination_cells","spatial/phase9/pasture_spell_closure_full_v1/canonical_pas_origin_destination_2020_2025_full_v3.csv","data/core/canonical_pas_origin_destination_2020_2025_full_v3.csv","86c659ba268d60c5b2e652e6d1799e255c68f6cb4b911404b91782dd2bff013a","24889","v1.0.0","1","external_data_not_bundled","pending_not_minted","accepted_full_cell_validation_and_independent_closure_review"
"corrected_panel_v2","panel/canonical_stock_flow_panel_1985_2025_v2.parquet","data/core/canonical_stock_flow_panel_1985_2025_v2.parquet","ef3589be99e3a2cdc1c2245a15cedd090c8255775b34f14d4f2f27d3f9f8faa7","199112","v1.0.0","1","external_data_not_bundled","pending_not_minted","accepted_17p_panel_validation_not_rehashed_locally_in_this_review"
"corrected_derived_v2","analysis/canonical_stock_flow_derived_metrics_1985_2025_v2.parquet","data/core/canonical_stock_flow_derived_metrics_1985_2025_v2.parquet","e4a17ba21640704e2f7db7a9885417a403b842910624f36f7f9da34bfd67a9c2","199112","v1.0.0","1","external_data_not_bundled","pending_not_minted","accepted_17p_panel_validation_not_rehashed_locally_in_this_review"
"corrected_integrated_v2","analysis/canonical_integrated_stock_flow_trajectory_1985_2025_v2.parquet","data/core/canonical_integrated_stock_flow_trajectory_1985_2025_v2.parquet","06127aac2f67a34ed79118f666a9c00063e28f32f16a046901370c0336b98499","199112","v1.0.0","1","external_data_not_bundled","pending_not_minted","accepted_17p_panel_validation_not_rehashed_locally_in_this_review"
