year,diagnostic_extension,cells,raw_code1_affected_cells,raw_code1_pixel_equiv,raw_code1_ha,reuse100_affected_cells,reuse100_pixel_equiv,reuse100_ha
1985,0,24889,0,0,0,0,0,0
1986,0,24889,52,445,38.4521633983,0,0,0
1987,0,24889,76,1265.99607843,109.542248773,8322,94995.345098,8202.10472397
1988,0,24889,93,2039.99215686,176.660741333,11039,412502.352941,35670.7074236
1989,0,24889,120,2776.98431373,240.919960965,12561,1836600.43529,158003.637974
1990,0,24889,136,3390.98431373,294.514911655,13346,3639440.93725,312764.267335
1991,0,24889,153,3975.98039216,345.521373167,13828,5667057.47059,486978.872132
1992,0,24889,178,4955.97647059,430.75846663,14143,8936948.02353,767668.005065
1993,0,24889,188,5585.97254902,485.520455517,14350,12526017.451,1075304.3098
1994,0,24889,198,6640.96862745,577.170815706,14545,16403922.0353,1408029.11642
1995,0,24889,207,7810.9372549,678.359384575,14668,20231514.7373,1736702.95551
1996,0,24889,215,8639.9254902,750.138005985,14774,23588184.2275,2024768.47059
1997,0,24889,227,9511.9254902,825.791239744,14842,26534170.1843,2277993.23101
1998,0,24889,233,10424.9137255,904.891461954,14960,29431766.4784,2527202.93774
1999,0,24889,250,11321.9019608,982.680988488,15003,32375472.9529,2780129.76795
2000,0,24889,255,11893.8980392,1032.31728268,15039,35143845.4471,3017902.29913
2001,0,24889,258,12732.8901961,1104.64564213,15079,37785556.549,3245160.21213
2002,0,24889,259,13883.8901961,1204.16052726,15075,40036654.6784,3439003.70337
2003,0,24889,266,14939.8666667,1295.75915193,15087,42260859.7137,3631067.16589
2004,0,24889,270,15563.8666667,1349.90479816,15113,44016417.7216,3782364.66787
2005,0,24889,276,16098.854902,1396.19063918,15134,45781437.7843,3934060.42597
2006,0,24889,275,16424.854902,1424.64831986,15145,46901089.6275,4030819.80263
2007,0,24889,280,16652.8588235,1444.53364165,15139,48323895.5608,4153327.48358
2008,0,24889,281,17073.8666667,1481.02430274,15121,49481129.7608,4253635.39902
2009,0,24889,285,17396.8666667,1508.85520291,15106,50920464.1451,4377754.99326
2010,0,24889,284,17641.8705882,1530.02603507,15112,52811938.1882,4540033.84955
2011,0,24889,283,17818.8588235,1545.49465718,15102,54447872.8157,4680619.73639
2012,0,24889,282,17993.8509804,1560.82563487,15110,56333968.9529,4842709.69481
2013,0,24889,275,17983.8588235,1560.15114173,15099,57496797.3961,4942502.97809
2014,0,24889,282,18077.8627451,1568.38129061,15091,58636908.7569,5039924.71452
2015,0,24889,275,17938.854902,1556.26176458,15077,60735748.8549,5219068.24279
2016,0,24889,277,18031.8509804,1564.25574088,15059,61578098.651,5290702.1553
2017,0,24889,276,18168.854902,1575.95538063,15053,62037465.4275,5329428.99526
2018,0,24889,279,18651.8588235,1617.75002097,15036,63506484.1961,5454987.10932
2019,0,24889,280,19034.8470588,1650.9509691,15016,64895893.6588,5574469.03399
2020,0,24889,283,19373.8352941,1680.46140597,15024,65167937.2,5598546.02171
2021,1,24889,280,19509.8431373,1692.45892308,14999,65206959.4314,5603164.62949
2022,1,24889,282,19721.8392157,1710.77141645,15004,65597342.4235,5637307.46135
2023,1,24889,281,19838.8392157,1720.89197995,15035,65623607.8706,5640934.899
2024,1,24889,280,19846.8431373,1721.39628938,15036,65154768.898,5601872.53508
2025,1,24889,280,19974.8431373,1732.50802511,15046,65410425.9216,5624737.30969
